time,close,high,low,open,volumefrom,volumeto
1422489600,0.3107,0.35,0.3107,0.35,68.21,23.86
1422576000,0.3027,0.35,0.3027,0.3107,230,80.2
1422662400,0.2896,0.3027,0.2896,0.3027,82.1,24.55
1422748800,0.2896,0.2896,0.2896,0.2896,0,0
1422835200,0.3029,0.3035,0.2867,0.2896,59.58,17.89
1422921600,0.3311,0.36,0.3021,0.3029,254.39,90.77
1423008000,0.2922,0.3311,0.2755,0.3311,366.07,103.14
1423094400,0.2755,0.368,0.2727,0.2922,419.03,118.1
1423180800,0.2747,0.2767,0.2737,0.2755,119.43,32.88
1423267200,0.2747,0.2747,0.2747,0.2747,0,0
1423353600,0.2747,0.2747,0.2747,0.2747,0,0
1423440000,0.2747,0.2747,0.2747,0.2747,0,0
1423526400,0.2747,0.2747,0.2747,0.2747,0,0
1423612800,0.2747,0.2747,0.2747,0.2747,0,0
1423699200,0.2747,0.2747,0.2747,0.2747,0,0
1423785600,0.2747,0.2747,0.2747,0.2747,0,0
1423872000,0.2747,0.2747,0.2747,0.2747,0,0
1423958400,0.2747,0.2747,0.2747,0.2747,0,0
1424044800,0.2747,0.2747,0.2747,0.2747,0,0
1424131200,0.099,0.52,0.01,0.52,12.26,1
1424217600,0.099,0.099,0.099,0.099,0,0
1424304000,0.26,0.35,0.0886,0.099,171.26,41.34
1424390400,0.25,0.26,0.25,0.26,110.97,28.85
1424476800,0.25,0.25,0.25,0.25,0,0
1424563200,0.295,0.32,0.25,0.25,39.33,11.64
1424649600,0.35,0.35,0.295,0.295,150.8,48.56
1424736000,0.25,0.38,0.25,0.35,10.43,3.32
1424822400,0.25,0.25,0.25,0.25,0.001098,0.0002745
1424908800,0.25,0.38,0.25,0.25,0.263,0.0829
1424995200,0.25,0.25,0.25,0.25,0.02204,0.00551
1425081600,0.35,0.5499,0.25,0.25,40.3,16.51
1425168000,0.35,0.35,0.35,0.35,0,0
1425254400,0.5399,0.5399,0.35,0.35,1.02,0.5501
1425340800,0.497,0.5399,0.35,0.5399,0.4669,0.1756
1425427200,0.497,0.497,0.497,0.497,0,0
1425513600,0.26,0.497,0.26,0.497,0.0005611,0.0001459
1425600000,0.497,0.497,0.26,0.26,1.1,0.5469
1425686400,0.497,0.497,0.497,0.497,0.00261,0.001297
1425772800,0.497,0.497,0.26,0.497,0.4993,0.239
1425859200,0.25,0.5399,0.25,0.497,8.03,4.21
1425945600,0.5399,0.5399,0.25,0.25,0.02206,0.005515
1426032000,0.2611,0.8399,0.261,0.5399,21.82,5.8
1426118400,0.2611,0.2611,0.2611,0.2611,0,0
1426204800,0.8,0.81,0.2611,0.2611,4.12,3.28
1426291200,0.7998,0.8,0.6,0.8,22.21,13.32
1426377600,0.7998,0.7998,0.6,0.7998,0.051,0.03215
1426464000,0.4,0.7998,0.4,0.7998,13.72,10.95
1426550400,0.4,0.4,0.4,0.4,0,0
1426636800,0.4,0.4,0.4,0.4,0,0
1426723200,0.4,0.4,0.4,0.4,0,0
1426809600,0.4,0.4,0.4,0.4,0.002649,0.00106
1426896000,1,1,0.4,0.4,0.07555,0.06911
1426982400,0.2611,1,0.2611,1,3.33,2.29
1427068800,0.2611,0.2611,0.2611,0.2611,0.009012,0.002353
1427155200,0.278,0.878,0.2611,0.2611,0.04438,0.03645
1427241600,0.878,0.878,0.278,0.278,1.86,1.45
1427328000,0.278,0.878,0.278,0.878,0.03136,0.008719
1427414400,0.278,0.878,0.278,0.278,0.03321,0.02139
1427500800,0.878,0.878,0.278,0.278,0.1548,0.06532
1427587200,0.278,0.878,0.278,0.878,0.0102,0.002837
1427673600,0.85,0.878,0.278,0.278,3.57,3.07
1427760000,0.31,3,0.31,0.85,0.4199,0.4211
1427846400,0.33,0.33,0.31,0.31,0.008719,0.002877
1427932800,0.33,0.33,0.33,0.33,0,0
1428019200,0.33,0.33,0.33,0.33,0,0
1428105600,0.4,0.4,0.33,0.33,0.004532,0.001813
1428192000,0.34,1,0.33,0.4,30,11.67
1428278400,0.34,0.34,0.34,0.34,0.0009731,0.0003309
1428364800,0.34,0.34,0.34,0.34,0,0
1428451200,0.34,0.34,0.34,0.34,0,0
1428537600,1,1,0.35,0.35,0.004045,0.002096
1428624000,0.7955,1,0.35,1,20.91,16.34
1428710400,0.78,0.95,0.78,0.8,12.54,9.9
1428796800,0.92,0.94,0.78,0.78,0.2263,0.2104
1428883200,0.75,0.92,0.75,0.92,93.41,71.64
1428969600,0.5,0.75,0.5,0.75,57.08,40.7
1429056000,0.65,0.65,0.34,0.5,6.49,4.2
1429142400,0.72,0.72,0.65,0.65,0.3171,0.211
1429228800,0.72,0.72,0.65,0.72,13.31,9.27
1429315200,0.34,0.72,0.34,0.72,0.2406,0.1055
1429401600,0.34,0.34,0.34,0.34,0,0
1429488000,0.34,0.34,0.34,0.34,0.00987,0.003356
1429574400,0.34,0.72,0.34,0.34,0.3786,0.1917
1429660800,0.7,0.75,0.34,0.34,8.94,6.67
1429747200,0.719,0.75,0.34,0.7,12.12,5.58
1429833600,0.34,0.719,0.34,0.719,0.8723,0.3038
1429920000,0.34,0.34,0.34,0.34,0,0
1430006400,0.34,0.34,0.34,0.34,0,0
1430092800,0.59,0.59,0.34,0.34,1.08,0.3986
1430179200,0.59,0.59,0.59,0.59,0,0
1430265600,0.34,0.59,0.34,0.59,0.0722,0.02553
1430352000,0.34,0.34,0.34,0.34,0.1024,0.03481
1430438400,0.34,0.59,0.34,0.34,36.54,21.56
1430524800,0.34,0.579,0.34,0.34,0.8326,0.4729
1430611200,0.34,0.579,0.34,0.34,0.02989,0.0138
1430697600,0.34,0.34,0.34,0.34,2.05,0.6983
1430784000,0.34,0.579,0.34,0.34,12.12,4.98
1430870400,0.34,0.5789,0.34,0.34,0.6743,0.3051
1430956800,0.34,0.5789,0.34,0.34,0.2683,0.1038
1431043200,0.521,0.5789,0.34,0.34,4.89,2.75
1431129600,0.521,0.521,0.521,0.521,0.7646,0.3984
1431216000,0.45,0.521,0.45,0.521,0.01061,0.004772
1431302400,0.4,0.45,0.36,0.45,0.3863,0.1587
1431388800,0.5731,0.5731,0.4,0.4,0.03129,0.0154
1431475200,0.5731,0.5731,0.5731,0.5731,0,0
1431561600,0.41,0.5789,0.4,0.5731,8.81,4.01
1431648000,0.4975,0.58,0.41,0.41,28.05,15.74
1431734400,0.6368,0.6368,0.4975,0.4975,2.2,1.31
1431820800,0.5669,0.6368,0.56,0.6368,12.01,6.93
1431907200,0.4975,0.65,0.4975,0.5669,0.1661,0.08971
1431993600,0.51,0.51,0.4975,0.4975,9.26,4.72
1432080000,0.306,0.64,0.306,0.51,11.47,4.73
1432166400,0.5,0.6178,0.34,0.34,47.93,24.32
1432252800,0.2796,0.513,0.278,0.5,0.1154,0.03934
1432339200,0.35,0.513,0.2795,0.2796,4.07,1.42
1432425600,0.5,0.5,0.2795,0.35,8.87,3.83
1432512000,0.5,0.5,0.278,0.5,19.08,7.25
1432598400,0.4,0.5,0.4,0.5,62.04,28.51
1432684800,0.4,0.4,0.4,0.4,0.001587,0.0006348
1432771200,0.4,0.4,0.4,0.4,0.09628,0.03851
1432857600,0.4,0.4,0.4,0.4,0,0
1432944000,0.49,0.49,0.4,0.4,0.03982,0.01754
1433030400,0.489,0.49,0.489,0.49,0.0867,0.0424
1433116800,0.4,0.489,0.4,0.489,7.97,3.9
1433203200,0.4,0.489,0.4,0.4,6.2,2.49
1433289600,0.49,0.49,0.4,0.4,40,19.6
1433376000,0.4,0.49,0.4,0.49,0.3218,0.1287
1433462400,0.5,0.5,0.4,0.4,9.86,4.68
1433548800,0.43,0.512,0.43,0.5,24.18,12.09
1433635200,0.57,0.57,0.43,0.43,502.8,286.6
1433721600,0.57,0.57,0.57,0.57,0,0
1433808000,0.47,0.57,0.47,0.57,58.97,28.48
1433894400,0.45,0.47,0.45,0.47,0.04422,0.0199
1433980800,0.639,0.639,0.4,0.45,6.86,3.18
1434067200,0.35,0.639,0.3,0.639,21.67,6.5
1434153600,0.44,0.64,0.35,0.35,54.4,26.93
1434240000,0.3,0.64,0.3,0.44,12.63,8.08
1434326400,0.39,0.39,0.3,0.3,3.74,1.46
1434412800,0.39,0.39,0.39,0.39,0,0
1434499200,0.53,0.53,0.39,0.39,0.09112,0.03604
1434585600,0.39,0.53,0.39,0.53,0.01868,0.007287
1434672000,0.39,0.5299,0.39,0.39,1332.69,612.51
1434758400,0.45,0.5829,0.39,0.39,1.05,0.4786
1434844800,0.5829,0.5829,0.45,0.45,3.53,2.05
1434931200,0.45,0.5829,0.45,0.5829,18.44,10.73
1435017600,0.45,0.5829,0.45,0.45,0.1093,0.05913
1435104000,0.5003,0.5604,0.39,0.45,4914.99,2413.11
1435190400,0.5003,0.5003,0.5003,0.5003,5.9,2.95
1435276800,0.5003,0.5003,0.5003,0.5003,0,0
1435363200,0.5254,0.5254,0.45,0.5003,0.01123,0.005314
1435449600,0.45,0.5254,0.45,0.5254,1.54,0.6971
1435536000,0.45,0.45,0.45,0.45,0,0
1435622400,0.44,0.45,0.44,0.45,0.002754,0.001212
1435708800,0.45,0.45,0.44,0.44,0.02385,0.01073
1435795200,0.45,0.45,0.45,0.45,0,0
1435881600,0.45,0.45,0.45,0.45,0,0
1435968000,0.518,0.518,0.45,0.45,0.02411,0.01161
1436054400,0.45,0.5295,0.45,0.518,194.88,96.25
1436140800,0.45,0.5299,0.45,0.45,115.8,58.28
1436227200,0.503,0.503,0.45,0.45,10.65,5.34
1436313600,0.45,0.5199,0.45,0.503,17.12,8.77
1436400000,0.45,0.5199,0.45,0.45,555.01,250.34
1436486400,0.45,0.5395,0.45,0.45,34.33,18.04
1436572800,0.5395,0.5395,0.45,0.45,36.46,19.16
1436659200,0.6304,0.6304,0.51,0.5395,175.25,98.43
1436745600,0.6304,0.6304,0.6304,0.6304,0,0
1436832000,0.52,0.6304,0.52,0.6304,0.1005,0.05611
1436918400,0.52,0.52,0.52,0.52,0.1751,0.09107
1437004800,0.46,0.52,0.46,0.52,21,10.92
1437091200,0.46,0.6,0.46,0.46,0.2107,0.1231
1437177600,0.46,0.5999,0.46,0.46,0.02965,0.01538
1437264000,0.59,0.59,0.46,0.46,0.8413,0.3941
1437350400,0.59,0.59,0.59,0.59,0,0
1437436800,0.46,0.59,0.46,0.59,0.497,0.2923
1437523200,0.46,0.598,0.46,0.46,0.5524,0.3211
1437609600,0.598,0.598,0.46,0.46,2.7,1.49
1437696000,0.598,0.598,0.598,0.598,0,0
1437782400,0.461,0.598,0.461,0.598,0.03605,0.01662
1437868800,0.461,0.461,0.461,0.461,0,0
1437955200,0.461,0.461,0.461,0.461,0,0
1438041600,0.63,0.63,0.461,0.461,10.4,5.93
1438128000,0.55,0.63,0.55,0.63,0.101,0.05635
1438214400,0.63,0.63,0.461,0.55,1.22,0.6941
1438300800,0.461,0.63,0.461,0.63,0.1823,0.1032
1438387200,0.63,0.63,0.461,0.461,442.08,220.7
1438473600,0.63,0.63,0.461,0.63,124.76,72.98
1438560000,0.461,0.63,0.461,0.63,3.36,1.55
1438646400,0.461,0.6289,0.461,0.461,0.1776,0.08254
1438732800,0.461,0.461,0.461,0.461,0,0
1438819200,0.64,0.64,0.461,0.461,155.25,91.46
1438905600,0.75,0.75,0.64,0.64,0.02141,0.01606
1438992000,0.75,0.75,0.4727,0.75,0.001185,0.0006317
1439078400,0.75,0.75,0.6,0.75,10.15,6.09
1439164800,0.4969,0.75,0.4969,0.75,0.1274,0.06328
1439251200,0.4969,0.74,0.4969,0.4969,0.1028,0.05466
1439337600,0.4969,0.4969,0.4969,0.4969,0.002416,0.0012
1439424000,0.4969,0.4969,0.4969,0.4969,0.00551,0.002738
1439510400,0.6969,0.6969,0.4969,0.4969,0.1858,0.1281
1439596800,0.4969,0.6969,0.4969,0.6969,0.02202,0.01094
1439683200,0.739,0.739,0.4969,0.4969,1.63,1
1439769600,0.4969,0.4969,0.4969,0.4969,0.9108,0.4526
1439856000,0.4969,0.74,0.4969,0.4969,2.26,1.6
1439942400,0.5157,0.68,0.39,0.4969,106.18,48.33
1440028800,0.406,0.65,0.3966,0.5157,1.4,0.9095
1440115200,0.4496,0.52,0.406,0.406,14.41,6.51
1440201600,0.6428,0.6429,0.4212,0.4496,7.4,4.75
1440288000,0.477,0.6428,0.4212,0.6428,31.11,14.31
1440374400,0.615,0.6153,0.4212,0.477,19.18,8.5
1440460800,0.4227,0.615,0.4182,0.615,103.96,43.8
1440547200,0.4201,0.58,0.4201,0.4227,13.77,5.91
1440633600,0.4213,0.57,0.4201,0.4201,3.23,1.36
1440720000,0.4213,0.4901,0.4213,0.4213,0.157,0.07024
1440806400,0.4901,0.4901,0.4213,0.4213,24.9,11.95
1440892800,0.45,0.4901,0.45,0.4901,54.34,24.81
1440979200,0.4901,0.4901,0.45,0.45,0.02582,0.01265
1441065600,0.4901,0.4901,0.45,0.4901,2.62,1.28
1441152000,0.4901,0.4901,0.45,0.4901,8.51,4.17
1441238400,0.75,0.75,0.45,0.4901,79.59,52.41
1441324800,0.45,0.75,0.45,0.75,0.0003485,0.0001568
1441411200,0.4573,0.75,0.45,0.45,42.32,21.32
1441497600,0.5,0.5,0.4573,0.4573,15.37,7.68
1441584000,0.5,0.5,0.5,0.5,41,20.5
1441670400,0.458,0.7,0.458,0.5,0.102,0.04801
1441756800,0.7,0.7,0.458,0.458,0.01,0.007
1441843200,0.458,0.7,0.458,0.7,0.3458,0.1815
1441929600,0.4625,0.4625,0.458,0.458,2.06,0.9451
1442016000,0.4537,0.7,0.4537,0.4625,55.71,28.46
1442102400,0.44,0.4614,0.44,0.4537,22.56,10.07
1442188800,0.4775,0.56,0.44,0.44,33.17,16.6
1442275200,0.509,0.5729,0.4775,0.4775,12.19,6.25
1442361600,0.5156,0.5156,0.44,0.509,30.54,15.3
1442448000,0.55,0.55,0.4728,0.5156,13.99,7.16
1442534400,0.5458,0.55,0.4941,0.55,1.01,0.5071
1442620800,0.508,0.5458,0.5036,0.5458,8.16,4.27
1442707200,0.5036,0.5458,0.4986,0.508,0.03498,0.01784
1442793600,0.5012,0.5036,0.4705,0.5036,0.03971,0.01922
1442880000,0.5012,0.5012,0.4704,0.5012,18.73,8.83
1442966400,0.4625,0.5012,0.4625,0.5012,10.86,5.02
1443052800,0.4655,0.4715,0.4356,0.4625,9.02,4.12
1443139200,0.4527,0.4688,0.4445,0.4655,26.17,12.25
1443225600,0.4689,0.4689,0.4385,0.4527,13.7,6.34
1443312000,0.4455,0.4689,0.4455,0.4689,1.84,0.8548
1443398400,0.4354,0.4689,0.4354,0.4455,25.68,11.58
1443484800,0.43,0.439,0.43,0.4354,0.06312,0.02715
1443571200,0.39,0.43,0.3,0.43,154.21,61.74
1443657600,0.4644,0.4644,0.3462,0.39,61.97,25.3
1443744000,0.3812,0.4644,0.3785,0.4644,0.5881,0.2242
1443830400,0.4689,0.4689,0.3812,0.3812,2.58,1.2
1443916800,0.3955,0.4689,0.3943,0.4689,0.1586,0.06503
1444003200,0.3892,0.4669,0.3892,0.3955,2.66,1.06
1444089600,0.3917,0.3917,0.3892,0.3892,0.003751,0.001469
1444176000,0.3966,0.4651,0.3917,0.3917,0.86,0.3414
1444262400,0.3785,0.4113,0.3785,0.3966,17.85,7
1444348800,0.3785,0.4132,0.3785,0.3785,3.33,1.3
1444435200,0.3803,0.4124,0.3785,0.3785,0.4483,0.1753
1444521600,0.3848,0.3868,0.3785,0.3803,18.18,6.93
1444608000,0.4124,0.4124,0.3785,0.3848,24.42,9.62
1444694400,0.3785,0.4165,0.3785,0.4124,9.6,3.94
1444780800,0.3705,0.4553,0.3705,0.3785,63.99,24.31
1444867200,0.3758,0.3974,0.3705,0.3705,19.2,7.23
1444953600,0.4131,0.4131,0.3758,0.3758,33.69,13.27
1445040000,0.4669,0.4669,0.3917,0.4131,0.1557,0.07183
1445126400,0.41,0.4669,0.4,0.4669,31.59,12.97
1445212800,0.3917,0.46,0.3917,0.41,9.81,3.99
1445299200,0.3705,0.46,0.3705,0.3917,30.8,11.85
1445385600,0.375,0.375,0.3705,0.3705,1.05,0.3876
1445472000,0.3705,0.44,0.3705,0.375,0.9822,0.3712
1445558400,0.3705,0.44,0.3705,0.3705,12.63,5.22
1445644800,0.393,0.44,0.3705,0.3705,152.21,59.19
1445731200,0.3795,0.4127,0.3774,0.393,6.86,2.83
1445817600,0.3795,0.4483,0.3795,0.3795,7.62,2.9
1445904000,0.3783,0.3795,0.3783,0.3795,0.03508,0.01327
1445990400,0.3775,0.42,0.3774,0.3783,59.88,22.95
1446076800,0.5,0.5,0.375,0.3775,39.55,17.75
1446163200,0.4413,0.5,0.4413,0.5,15.31,6.86
1446249600,0.38,0.4413,0.38,0.4413,2.41,1.04
1446336000,0.36,0.45,0.36,0.38,1.11,0.5001
1446422400,0.45,0.45,0.3001,0.36,15.55,6.45
1446508800,0.3938,0.771,0.326,0.45,4927.68,2160.12
1446595200,0.4358,0.5541,0.3938,0.3938,876.92,446.4
1446681600,0.427,0.4958,0.422,0.4358,108.62,51.3
1446768000,0.4638,0.4638,0.4027,0.427,41.25,17.22
1446854400,0.4639,0.4639,0.4225,0.4638,1.21,0.5423
1446940800,0.5541,0.5541,0.4639,0.4639,33.89,17.88
1447027200,0.47,0.5541,0.46,0.5541,12.08,5.66
1447113600,0.4522,0.47,0.45,0.47,30.03,13.67
1447200000,0.4226,0.4723,0.4225,0.4522,1035.28,450.21
1447286400,0.442,0.4622,0.4225,0.4226,46.14,19.56
1447372800,0.4652,0.4652,0.405,0.442,48.77,21.29
1447459200,0.429,0.4652,0.429,0.4652,25.45,10.94
1447545600,0.409,0.452,0.409,0.429,18.57,7.73
1447632000,0.442,0.452,0.409,0.409,18.36,7.53
1447718400,0.4091,0.442,0.409,0.442,0.09689,0.03963
1447804800,0.4091,0.4091,0.4091,0.4091,0,0
1447891200,0.4027,0.4091,0.4027,0.4091,198.1,80.68
1447977600,0.448,0.448,0.39,0.4027,0.9384,0.3705
1448064000,0.448,0.448,0.37,0.448,30.11,11.96
1448150400,0.3582,0.448,0.3582,0.448,1.19,0.426
1448236800,0.448,0.448,0.3582,0.3582,19.03,8.42
1448323200,0.42,0.448,0.42,0.448,0.01416,0.005946
1448409600,0.379,0.42,0.3582,0.42,29.57,11.21
1448496000,0.41,0.41,0.379,0.379,490.36,193.16
1448582400,0.3791,0.4182,0.3791,0.41,48.78,19.56
1448668800,0.395,0.4,0.3727,0.3791,17.86,6.86
1448755200,0.3918,0.4058,0.3918,0.395,5.22,2.06
1448841600,0.3656,0.4199,0.3656,0.3918,20.76,8.35
1448928000,0.365,0.4106,0.365,0.3656,21.53,8.46
1449014400,0.369,0.3799,0.365,0.365,9.62,3.55
1449100800,0.367,0.369,0.367,0.369,0.01685,0.006185
1449187200,0.3705,0.3705,0.3633,0.367,62.49,22.91
1449273600,0.43,0.433,0.3609,0.3705,2229.8,897.77
1449360000,0.4302,0.4602,0.4,0.43,983.38,433.66
1449446400,0.415,0.5275,0.415,0.4302,7.98,3.57
1449532800,0.426,0.426,0.395,0.415,59.4,24.62
1449619200,0.43,0.4549,0.426,0.426,80.42,35.16
1449705600,0.399,0.4549,0.399,0.43,65.32,28.28
1449792000,0.45,0.4558,0.399,0.399,37.87,16.94
1449878400,0.422,0.468,0.422,0.45,169.01,75.59
1449964800,0.422,0.4578,0.422,0.422,176.49,79.49
1450051200,0.44,0.5541,0.422,0.422,1038.04,558.02
1450137600,0.505,0.525,0.44,0.44,31.91,16.16
1450224000,0.505,0.5541,0.505,0.505,14.39,7.27
1450310400,0.44,0.505,0.44,0.505,32.29,16.26
1450396800,0.49,0.5307,0.44,0.44,22.5,10.82
1450483200,0.46,0.49,0.46,0.49,0.03851,0.01771
1450569600,0.45,0.53,0.45,0.46,2600.49,1284.94
1450656000,0.45,0.45,0.45,0.45,0,0
1450742400,0.45,0.519,0.45,0.45,11.81,5.61
1450828800,0.45,0.45,0.45,0.45,0,0
1450915200,0.46,0.46,0.45,0.45,12.14,5.58
1451001600,0.46,0.518,0.46,0.46,2.49,1.28
1451088000,0.45,0.46,0.45,0.46,831.57,382.11
1451174400,0.43,0.45,0.43,0.45,57.15,25.14
1451260800,0.44,0.44,0.43,0.43,2.17,0.954
1451347200,0.44,0.44,0.44,0.44,0,0
1451433600,0.43,0.5097,0.43,0.44,0.1913,0.08294
1451520000,0.4901,0.5,0.421,0.43,17.02,7.43
1451606400,0.5431,0.5431,0.43,0.4901,337.88,172.58
1451692800,0.46,0.59,0.439,0.5431,101.81,56.79
1451779200,0.4875,0.4875,0.46,0.46,2.74,1.33
1451865600,0.47,0.549,0.47,0.4875,0.174,0.08924
1451952000,0.47,0.549,0.47,0.47,450.28,224.96
1452038400,0.47,0.549,0.47,0.47,162.17,82.07
1452124800,0.47,0.47,0.47,0.47,0.02437,0.01145
1452211200,0.545,0.545,0.47,0.47,0.01523,0.007774
1452297600,0.47,0.545,0.47,0.545,0.01,0.0047
1452384000,0.471,0.5123,0.47,0.47,1.32,0.6215
1452470400,0.471,0.471,0.471,0.471,0.05134,0.02418
1452556800,0.471,0.471,0.471,0.471,252.17,118.77
1452643200,0.461,0.471,0.461,0.471,86.75,40.8
1452729600,0.451,0.4915,0.4506,0.461,5.5,2.52
1452816000,0.4305,0.4589,0.4305,0.451,177.57,79.51
1452902400,0.4889,0.4889,0.3743,0.4305,456.4,194.32
1452988800,0.4,0.5,0.4,0.4889,4.35,1.86
1453075200,0.5,0.5,0.4,0.4,16.09,8.05
1453161600,0.54,0.54,0.41,0.5,170.87,90.08
1453248000,0.5586,0.5586,0.456,0.54,4.01,2.07
1453334400,0.5,0.6,0.5,0.5586,13.07,7.56
1453420800,0.4924,0.57,0.4924,0.5,133.56,65.82
1453507200,0.68,0.68,0.4924,0.4924,641.03,402.63
1453593600,0.5862,0.68,0.5862,0.68,424.2,282.64
1453680000,0.634,0.68,0.5396,0.5862,17.85,9.9
1453766400,0.5944,0.6507,0.55,0.634,245.68,135.97
1453852800,0.6298,0.6598,0.5269,0.5944,5.94,3.91
1453939200,0.5255,0.6298,0.5255,0.6298,8.4,4.43
1454025600,0.55,0.5574,0.4681,0.5255,316.99,156.49
1454112000,0.469,0.55,0.4681,0.55,0.7155,0.3607
1454198400,0.524,0.524,0.469,0.469,0.5896,0.3068
1454284800,0.55,0.5764,0.4696,0.524,6745.2,3191.59
1454371200,0.49,0.5654,0.49,0.55,0.063,0.03387
1454457600,0.481,0.49,0.4719,0.49,15.93,7.7
1454544000,0.495,0.535,0.479,0.481,60.08,29.67
1454630400,0.497,0.535,0.4696,0.495,562.39,267.69
1454716800,0.4707,0.5265,0.4707,0.497,120.97,61.53
1454803200,0.4707,0.502,0.4707,0.4707,8.87,4.37
1454889600,0.4825,0.4935,0.4707,0.4707,60.98,28.72
1454976000,0.4607,0.4825,0.4607,0.4825,52.24,24.53
1455062400,0.4749,0.4771,0.457,0.4607,9.13,4.3
1455148800,0.55,0.5876,0.423,0.4749,600.94,324.99
1455235200,0.6299,0.6299,0.41,0.55,1574.99,886.46
1455321600,0.7837,0.9088,0.333,0.6299,3117.46,2377.74
1455408000,0.8329,0.8552,0.6598,0.7837,981.34,720.91
1455494400,0.7543,1.4,0.721,0.8329,703.3,604.37
1455580800,1.05,1.05,0.7543,0.7543,326.82,293.81
1455667200,0.7332,1.05,0.6981,1.05,1964.39,1451.23
1455753600,0.7649,0.8131,0.6981,0.7332,307.32,226.28
1455840000,0.8354,0.8354,0.7316,0.7649,1510.37,1130.27
1455926400,0.81,0.8733,0.7891,0.8354,193.23,158.92
1456012800,0.7921,0.8733,0.7357,0.81,1470.49,1156.31
1456099200,0.7718,0.8242,0.7635,0.7921,517.86,413.42
1456185600,0.7399,0.8119,0.727,0.7718,165.8,123.89
1456272000,0.7769,0.7769,0.7214,0.7399,82.13,60.14
1456358400,0.8,0.8368,0.75,0.7769,194.03,154.65
1456444800,0.8143,0.8283,0.78,0.8,353.35,285.82
1456531200,0.8282,0.846,0.7971,0.8143,1748.27,1455.94
1456617600,0.8666,0.8733,0.8073,0.8282,645.41,550.73
1456704000,0.8951,0.8951,0.8444,0.8666,166.37,143.34
1456790400,0.8,0.8951,0.7855,0.8951,138.42,111.29
1456876800,0.8486,0.8697,0.8,0.8,196.88,160.27
1456963200,1.05,1.16,0.789,0.8486,623.28,599.92
1457049600,1.12,1.21,1.02,1.05,252.12,284.44
1457136000,1.26,1.37,0.85,1.12,3406.63,4456.81
1457222400,1.21,1.27,1.06,1.26,2623.91,2941.26
1457308800,0.9951,1.21,0.9802,1.21,963.74,1019.51
1457395200,1.09,1.41,0.9951,0.9951,364.75,404.87
1457481600,1.08,1.35,0.52,1.09,986.76,1065.23
1457568000,1.03,1.29,1.03,1.08,708.09,800.36
1457654400,1.1,1.16,1.03,1.03,263.33,291.02
1457740800,1.09,1.2,1.05,1.1,289.69,323.91
1457827200,1.2,1.21,1.08,1.09,269.28,314.92
1457913600,1.18,1.36,1.08,1.2,310.43,388.41
1458000000,1.15,1.2,1.08,1.18,26.45,30.26
1458086400,1.11,1.2,1.09,1.15,101.38,114.35
1458172800,1.3,1.3,1.09,1.11,2310.52,2860.34
1458259200,1.1,1.4,1,1.3,3973.69,4839.78
1458345600,1.21,1.26,1.1,1.1,172.53,205.75
1458432000,1.48,1.5,1.18,1.21,4111.84,5792.89
1458518400,1.44,1.56,1.35,1.48,2911.16,4248.38
1458604800,1.34,1.51,1.34,1.44,3400.39,4809.11
1458691200,1.45,1.45,1.34,1.34,1590.55,2224.81
1458777600,1.63,1.73,1.41,1.45,7612.79,12035.57
1458864000,1.59,3.3,1.59,1.63,451.83,750.13
1458950400,1.69,1.72,1.59,1.59,1406.85,2330.97
1459036800,1.5,1.72,1.4,1.69,5919.7,9053.7
1459123200,1.48,1.56,1.41,1.5,2815.36,4289.08
1459209600,1.48,1.53,1.46,1.48,557.2,837.46
1459296000,1.42,1.52,1.4,1.48,376.69,547.07
1459382400,1.4,1.45,1.39,1.42,38.66,54.51
1459468800,1.46,1.48,1.4,1.4,639.91,937.73
1459555200,1.56,1.56,1.42,1.46,3160.43,4637.91
1459641600,1.56,1.59,1.49,1.56,325,502.04
1459728000,1.57,1.6,1.5,1.56,1151.59,1789.44
1459814400,1.51,1.6,1.46,1.57,1720.36,2642.82
1459900800,1.5,1.55,1.46,1.51,2320.98,3509.46
1459987200,1.52,1.55,1.49,1.5,394.3,601.42
1460073600,1.42,1.54,1.42,1.52,1319.22,1962.61
1460160000,1.15,1.42,1.13,1.42,10514.11,12782.39
1460246400,1.08,1.15,0.8694,1.15,5736.33,5965.01
1460332800,1.02,1.14,0.981,1.08,1402.13,1476.3
1460419200,0.931,1.04,0.8614,1.02,2157.64,2037.94
1460505600,1.04,1.07,0.92,0.931,1893.74,1922.7
1460592000,1.03,1.06,0.9823,1.04,1304.19,1337.92
1460678400,0.9832,1.04,0.9457,1.03,1134.7,1127.22
1460764800,0.9823,1,0.955,0.9832,381.74,374.48
1460851200,1.02,1.1,0.9591,0.9823,2664.52,2836.44
1460937600,1.1,1.11,1.01,1.02,3551.24,3791.94
1461024000,1.14,1.17,1.1,1.1,3314.82,3774.91
1461110400,1.06,1.14,1.02,1.14,6171.19,6619.73
1461196800,0.9816,1.07,0.96,1.06,3868.21,3992.67
1461283200,0.9871,1.04,0.9517,0.9816,2341.07,2296.09
1461369600,1.03,1.04,0.9823,0.9871,968.94,1003.22
1461456000,1.03,1.05,1,1.03,1740.18,1775.15
1461542400,0.9823,1.05,0.959,1.03,2650.81,2686.72
1461628800,0.8995,0.997,0.8343,0.9823,2761.84,2491.97
1461715200,0.9369,0.97,0.8614,0.8995,1863.98,1722.45
1461801600,0.9076,0.9493,0.881,0.9369,858.83,783.79
1461888000,0.8773,0.9177,0.8773,0.9076,526.68,475.54
1461974400,0.9081,0.9695,0.8773,0.8773,1052.89,985.46
1462060800,0.913,0.9408,0.8945,0.9081,681.77,619.6
1462147200,0.9754,0.992,0.908,0.913,839.03,801.98
1462233600,0.9263,0.9754,0.9135,0.9754,260.07,243.36
1462320000,0.9179,0.944,0.8955,0.9263,178.46,162.91
1462406400,0.9006,0.9179,0.8902,0.9179,570.02,514.97
1462492800,0.8811,0.9185,0.87,0.9006,525.39,467.31
1462579200,0.8717,0.8811,0.839,0.8811,1454.25,1243.94
1462665600,0.8464,0.8909,0.8307,0.8717,1693.77,1446.09
1462752000,0.8269,0.8581,0.8191,0.8464,704.29,587.92
1462838400,0.8312,0.8845,0.822,0.8269,628.75,531.1
1462924800,0.8598,0.8655,0.8231,0.8312,178.18,150.3
1463011200,0.8647,0.8765,0.8482,0.8598,630.67,544.62
1463097600,0.8461,0.8777,0.8337,0.8647,462.41,397.75
1463184000,0.8366,0.8537,0.8266,0.8461,429.9,361.4
1463270400,0.8292,0.8596,0.8039,0.8366,2351.66,1936.87
1463356800,0.8145,0.8402,0.81,0.8292,1932.64,1588.16
1463443200,0.8166,0.8539,0.81,0.8145,1163.98,957.58
1463529600,0.825,0.87,0.7882,0.8166,5097.2,4205.4
1463616000,0.8591,0.8634,0.82,0.825,1093.26,934.32
1463702400,0.9343,0.96,0.8405,0.8591,3087.34,2818.67
1463788800,0.9567,0.9776,0.8415,0.9343,1094.72,1019.31
1463875200,0.92,0.9792,0.9,0.9567,2103.15,1982.11
1463961600,0.9012,0.9595,0.8936,0.92,229.97,210.56
1464048000,0.9078,0.982,0.8995,0.9012,1713.71,1613.24
1464134400,0.8622,0.9173,0.8622,0.9078,684.46,608.85
1464220800,0.866,0.904,0.846,0.8622,529.19,458.02
1464307200,0.8416,0.8758,0.8259,0.866,1229.46,1040.68
1464393600,0.81,0.901,0.81,0.8416,1316.97,1147.21
1464480000,0.9,0.9488,0.81,0.81,2527.28,2250.32
1464566400,0.9009,0.9135,0.86,0.9,2587.41,2276.93
1464652800,0.938,0.9658,0.8919,0.9009,3017.02,2805.72
1464739200,0.9154,0.94,0.8728,0.938,1308.42,1183.87
1464825600,0.93,0.94,0.8987,0.9154,1129.1,1035.5
1464912000,0.9525,0.956,0.911,0.93,2281.44,2160.41
1464998400,0.9771,0.989,0.9372,0.9525,2661.31,2585.06
1465084800,1.01,1.01,0.965,0.9771,1601.46,1576.84
1465171200,1.01,1.05,0.9857,1.01,494.49,504.3
1465257600,0.9656,1.01,0.9563,1.01,2597.23,2536.58
1465344000,1,1.01,0.9656,0.9656,789.49,786.95
1465430400,1.15,1.23,0.9874,1,1446.08,1523.11
1465516800,1.14,1.19,1.08,1.15,1944.86,2229.26
1465603200,1.17,1.17,1.14,1.14,128.42,150.24
1465689600,1.25,1.25,1.11,1.17,2698.96,3202.96
1465776000,1.27,1.36,1.18,1.25,1559.58,1953.07
1465862400,1.34,1.38,1.1,1.27,5215.3,6463.67
1465948800,1.45,1.51,1.31,1.34,1129.54,1573.26
1466035200,1.45,1.62,1.42,1.45,7637.58,11332.59
1466121600,1.76,1.79,1.45,1.45,10263.02,17019.93
1466208000,2.02,2.35,1.73,1.76,43445.14,90375.37
1466294400,1.88,2.12,1.7,2.02,7103.1,13644.88
1466380800,1.77,1.91,1.7,1.88,3889.95,6769.18
1466467200,1.62,1.87,1.5,1.77,7099.29,12004.08
1466553600,1.52,1.74,1.52,1.62,6837.88,11090.57
1466640000,1.57,1.57,1.4,1.52,3402.64,5028.88
1466726400,1.53,1.68,1.52,1.57,1875.29,3001.76
1466812800,1.57,1.66,1.52,1.53,1580.06,2503.97
1466899200,1.51,1.61,1.46,1.57,281.87,428.52
1466985600,1.46,1.52,1.39,1.51,1995.56,2847.8
1467072000,1.46,1.51,1.43,1.46,1330.94,1953.82
1467158400,1.53,1.61,1.45,1.46,8553.83,13091.03
1467244800,1.58,1.62,1.5,1.53,1018.65,1577.76
1467331200,1.69,1.71,1.58,1.58,802.37,1333.69
1467417600,1.74,1.99,1.62,1.69,3860.86,6674.61
1467504000,1.73,1.86,1.62,1.74,1686.37,2926.03
1467590400,1.68,1.8,1.65,1.73,746.35,1279.82
1467676800,1.74,1.75,1.64,1.68,1245.52,2097.3
1467763200,1.95,1.97,1.71,1.74,2338.15,4169.03
1467849600,1.83,2.2,1.76,1.95,9451.81,18238.7
1467936000,1.95,2.02,1.81,1.83,1717.81,3328.92
1468022400,1.95,1.98,1.84,1.95,562.67,1071.1
1468108800,1.92,1.98,1.86,1.95,731.29,1397.96
1468195200,1.97,2.02,1.88,1.92,2362.21,4570.01
1468281600,2.01,2.06,1.96,1.97,3577.63,7112.61
1468368000,1.96,2.01,1.92,2.01,1094.32,2171.38
1468454400,2.01,2.04,1.92,1.96,1132.98,2247
1468540800,1.99,2.04,1.95,2.01,2872.14,5734.86
1468627200,2.01,2.06,1.98,1.99,1183.75,2394.93
1468713600,1.97,2.02,1.96,2.01,282.31,558.77
1468800000,1.97,2.04,1.95,1.97,982.56,1946.81
1468886400,1.88,2,1.86,1.97,2112.99,4043.18
1468972800,1.79,1.93,1.74,1.88,3816.95,6982.7
1469059200,1.73,1.82,1.73,1.79,438.58,782.67
1469145600,1.83,1.85,1.7,1.73,1603.99,2879.07
1469232000,1.9,1.9,1.8,1.83,846.82,1572.75
1469318400,1.87,1.93,1.81,1.9,1340.64,2535.83
1469404800,1.88,1.9,1.8,1.87,980.42,1775.23
1469491200,1.77,1.88,1.7,1.88,1813.75,3170.73
1469577600,1.94,1.94,1.76,1.77,784.1,1445.02
1469664000,1.88,1.95,1.83,1.94,788.92,1469.54
1469750400,1.91,1.95,1.82,1.88,264.78,502.03
1469836800,1.93,1.93,1.86,1.91,250.45,479.64
1469923200,1.8,1.94,1.8,1.93,2896.53,5391.17
1470009600,1.7,1.83,1.7,1.8,1228.97,2134.47
1470096000,1.36,1.76,1.28,1.7,9442.47,14118.6
1470182400,1.58,1.66,1.36,1.36,10528.3,16390.19
1470268800,1.87,1.93,1.58,1.58,3153.22,5646.46
1470355200,1.8,1.9,1.74,1.87,432.71,791.1
1470441600,1.86,1.94,1.73,1.8,2058.63,3683.15
1470528000,1.92,2.03,1.82,1.86,2243.17,4370.66
1470614400,1.91,2,1.83,1.92,1073.27,2056.98
1470700800,2.09,2.1,1.9,1.91,1979.67,3972.97
1470787200,2.02,2.13,1.99,2.09,2660.46,5572.73
1470873600,1.94,2.07,1.9,2.02,541.42,1047.52
1470960000,1.95,2.06,1.9,1.94,2054.41,4042.54
1471046400,1.97,2.06,1.91,1.95,1329.91,2684.97
1471132800,1.97,2.5,1.87,1.97,27514.63,65819.11
1471219200,2.17,2.5,1.97,1.97,38037.38,88764.07
1471305600,2.24,2.25,1.96,2.17,1284.86,2801.66
1471392000,2.27,2.27,2.01,2.24,1470.36,3227.2
1471478400,2.21,2.28,2.13,2.27,2557.69,5721.07
1471564800,2.27,2.32,2.15,2.21,657.74,1490.94
1471651200,2.47,2.57,2.23,2.27,3509,8606.27
1471737600,2.51,2.62,2.39,2.47,802.71,2056.94
1471824000,4.47,6.86,2.5,2.51,48251.55,182032.28
1471910400,4.79,5.42,3.75,4.47,45111.47,209973.21
1471996800,4.48,5.05,4.33,4.79,9770.63,45575.71
1472083200,4.15,4.56,3.7,4.48,13370.83,53436.54
1472169600,4.15,4.66,4.01,4.15,33044.28,142917.69
1472256000,4.81,5.1,4.12,4.15,17833.73,80772.97
1472342400,9.13,9.8,4.81,4.81,53107.63,381889.91
1472428800,8.79,10.8,7.95,9.13,43348.83,397443.12
1472515200,8.4,9.5,7.83,8.79,16935.19,143517.77
1472601600,8.48,8.9,7.3,8.4,15198.14,122785.77
1472688000,7.91,8.85,7.77,8.48,8233.61,67623.12
1472774400,9.86,10.8,7.77,7.91,28112.58,264510.2
1472860800,11.18,15.25,9.83,9.86,62452.3,783638.31
1472947200,13.84,14,10.07,11.18,20048.43,241400.09
1473033600,13.9,14.34,12.5,13.84,27450.64,363459.57
1473120000,12.67,14.52,12.05,13.9,15530.18,206403.73
1473206400,11.93,12.99,11.21,12.67,30189.57,361574.61
1473292800,12.9,13.11,11.6,11.93,9829.11,121452.5
1473379200,12.59,13.82,12,12.9,8689.85,113666.53
1473465600,12.46,12.83,12.05,12.59,3281.66,40720.01
1473552000,10.97,12.59,10.58,12.46,10657.95,119945.11
1473638400,10.3,11.15,9.95,10.97,14202.46,151212.21
1473724800,10.7,11.62,9.8,10.3,15080.31,164594.4
1473811200,10.4,11.09,10.4,10.7,6421.48,68511.97
1473897600,9.71,10.64,9.48,10.4,9667.16,96567.57
1473984000,8.92,9.88,8.78,9.71,3223.43,29935.3
1474070400,9.6,9.9,8.85,8.92,1298.8,12245.26
1474156800,9.47,9.9,9.3,9.6,520.61,4963.87
1474243200,10.53,10.75,9.07,9.47,6629.99,67002.64
1474329600,11.29,11.7,10.3,10.53,7929.65,86461.42
1474416000,9.79,11.29,9.79,11.29,7030.1,73095.3
1474502400,10.2,10.52,9.79,9.79,4459.71,45705.66
1474588800,10.79,11,10,10.2,22963.28,234364.33
1474675200,10.71,11.02,10.6,10.79,649.17,7059.38
1474761600,10.2,10.71,10.2,10.71,456.85,4753.59
1474848000,9.35,10.34,8.5,10.2,10025.99,97291.82
1474934400,9.28,9.63,9.19,9.35,1420.65,13209.04
1475020800,9.37,9.57,9.19,9.28,2779.75,25879.09
1475107200,8.51,9.59,8.3,9.37,5168.52,45289.48
1475193600,8.52,8.75,7.99,8.51,5803.99,47923.67
1475280000,7.44,8.52,7.15,8.52,5520.88,43316.5
1475366400,8.39,8.5,7.19,7.44,3873.84,31003.71
1475452800,7.89,8.75,7.77,8.39,4913.53,40294.53
1475539200,7.6,8.13,7.55,7.89,1844.4,14285.53
1475625600,6.62,7.68,6.1,7.6,10524.5,71886.19
1475712000,7.2,7.84,6.37,6.62,9622.91,66529.75
1475798400,6.77,7.8,6.7,7.2,3271.39,23324.48
1475884800,6.93,7.28,6.7,6.77,905.11,6278.51
1475971200,7.44,7.55,6.88,6.93,1428.08,10183.43
1476057600,6.97,7.6,6.75,7.44,3722.61,26909.31
1476144000,7.34,7.83,6.6,6.97,4296.78,31073.98
1476230400,7.21,7.66,7.21,7.34,1950.26,14560.47
1476316800,7,7.34,6.8,7.21,1846.33,12970.61
1476403200,6.94,7.18,6.85,7,795.99,5572.84
1476489600,6.47,6.94,6.4,6.94,1707.71,11490.52
1476576000,6.52,6.67,6.16,6.47,2357.95,14932.11
1476662400,6.26,6.52,5.74,6.52,3142.75,18847.08
1476748800,6.63,6.85,6.01,6.26,1486.37,9494.25
1476835200,6.73,7.15,6.48,6.63,3017.3,20905.63
1476921600,6.47,7.22,6.47,6.73,3461.42,23448.88
1477008000,6.9,6.98,6.46,6.47,1062.46,7100.39
1477094400,6.46,6.9,6.27,6.9,972.37,6385.65
1477180800,6.53,6.69,6.46,6.46,264.39,1748.89
1477267200,6.48,6.6,6.37,6.53,502.2,3268.91
1477353600,6.15,6.48,5.7,6.48,1382.59,8396.87
1477440000,6.01,6.19,5.81,6.15,2914.59,17861.14
1477526400,6.17,6.4,5.93,6.01,1802.12,11087.91
1477612800,5.7,6.32,5.62,6.17,5149.85,29993.29
1477699200,4.84,5.96,4.2,5.7,17437,90215.03
1477785600,5.55,5.71,4.84,4.84,16164.25,85279.48
1477872000,5.12,5.67,4.81,5.55,9054.08,47733.54
1477958400,4.69,5.22,4.53,5.12,5702.53,28094.94
1478044800,4.53,5.02,4.53,4.69,3281.49,15648.96
1478131200,4.97,5.26,4.43,4.53,6329.98,31176.95
1478217600,4.88,5.1,4.73,4.97,5011.33,24761.96
1478304000,5.05,5.05,4.83,4.88,750.37,3701.02
1478390400,5,5.08,4.84,5.05,708.41,3514.21
1478476800,5.75,5.92,4.93,5,16474.33,91820.16
1478563200,6.66,6.82,5.63,5.75,12218.75,76580.89
1478649600,5.87,6.66,5.55,6.66,11057.13,65872.15
1478736000,6.13,6.48,5.87,5.87,3150.67,19543.47
1478822400,6.95,7.02,5.9,6.13,21448.25,133444.09
1478908800,7.58,7.68,6.58,6.95,7116.48,51627.5
1478995200,7.1,8.1,7.1,7.58,9844.31,75842.88
1479081600,7.68,8.17,7,7.1,5151.29,40466.84
1479168000,7.41,7.99,7.14,7.68,3286.03,24851.6
1479254400,6.83,7.49,6.06,7.41,8645.02,59163.89
1479340800,6.82,6.95,6.2,6.83,1211.86,8063.75
1479427200,6.7,7.08,6.48,6.82,1525.81,10454.6
1479513600,6.63,6.9,6.5,6.7,969.59,6442.81
1479600000,6.64,6.9,6.45,6.63,2905.1,19672.18
1479686400,6.77,6.87,6.56,6.64,710.77,4777.75
1479772800,7.45,8.15,6.75,6.77,7819.16,58542.56
1479859200,7.96,8.05,7.4,7.45,2402.31,18651.46
1479945600,7.72,8.32,7.5,7.96,5223.58,41791.1
1480032000,7.53,7.86,7.3,7.72,2445.84,18827.97
1480118400,7.52,7.79,7.39,7.53,1469.86,11130.39
1480204800,8.05,8.05,7.52,7.52,1247.7,9859.74
1480291200,7.87,8.05,7.76,8.05,1408.42,11127.32
1480377600,7.67,7.96,7.38,7.87,946.66,7366.25
1480464000,9.1,9.38,7.2,7.67,10520.3,90094.98
1480550400,8.6,9.1,8.11,9.1,6378.84,55045.11
1480636800,8.06,8.66,7.87,8.6,8591.93,70210.26
1480723200,8.16,8.46,8.06,8.06,3446.89,28489.76
1480809600,7.94,8.39,7.89,8.16,3855.25,31065.03
1480896000,7.87,8.07,7.63,7.94,2681.7,21021.44
1480982400,7.4,7.91,7.1,7.87,6136.39,45040.69
1481068800,7.91,7.91,7.29,7.4,2085.99,16124.6
1481155200,7.87,8.07,7.65,7.91,1150.9,9058.12
1481241600,7.91,8.03,7.74,7.87,670.31,5276.01
1481328000,7.75,8,7.65,7.91,1035.84,8146.41
1481414400,7.86,8.09,7.64,7.75,1247.69,9852.64
1481500800,8,8,7.76,7.86,2164.5,16970.16
1481587200,8.06,8.2,7.9,8,778.71,6256.48
1481673600,8.44,8.57,8.06,8.06,3692.6,30903.57
1481760000,8.49,8.52,8.27,8.44,4317.26,36241.81
1481846400,8.5,8.5,8.28,8.49,1153.68,9746.68
1481932800,8.31,8.5,8.22,8.5,2834.19,23695.68
1482019200,8.69,8.9,8.26,8.31,3412.32,29278.89
1482105600,8.54,8.75,8.4,8.69,1817.71,15454.11
1482192000,8.48,8.75,8.38,8.54,2819.43,23959.69
1482278400,8.42,8.6,8.15,8.48,3598.3,30113.6
1482364800,8.85,9.4,8.25,8.42,5664.21,49978.32
1482451200,9.45,9.74,8.8,8.85,10939.96,102308.09
1482537600,9.6,9.67,9.45,9.45,1512.85,14506.31
1482624000,9.71,11,7.25,9.6,20652.5,202648.72
1482710400,10.24,10.5,9.7,9.71,7975.43,80540.76
1482796800,12.47,13,10.2,10.24,21425.01,250225.52
1482883200,14.05,14.6,12.15,12.47,20750.57,283051.89
1482969600,13.13,14.31,12.22,14.05,17441.68,228895.37
1483056000,12.87,13.22,12.08,13.13,4018.08,50971.2
1483142400,13.79,14,12.76,12.87,6087.74,81746.61
1483228800,13.57,14.31,13.4,13.79,4941.39,67898.86
1483315200,16.12,16.5,13.57,13.57,21096.65,319780.59
1483401600,15.2,17,15,17,23386.77,377238.45
1483488000,18.48,18.49,15.2,15.2,25864.31,444705.48
1483574400,16.11,18.73,13,18.48,49975.75,812299.31
1483660800,14.19,16.73,13.5,16.11,29805.24,431535.44
1483747200,12.93,14.74,12.11,14.19,32006.47,415963.33
1483833600,13.5,13.96,12.93,12.93,11648.7,157579.71
1483920000,13.5,13.5,12.52,13.5,13229.58,173181.74
1484006400,13.35,13.96,13.35,13.5,7909.55,108237.85
1484092800,11.9,13.73,10.94,13.35,37488.93,453726.97
1484179200,12.33,12.49,11.15,11.9,16214.02,188022.19
1484265600,11.13,12.33,11.13,12.33,14194.46,163540.98
1484352000,11.67,12,11,11.13,9295.77,105401.2
1484438400,10.95,11.67,9.88,11.67,22110.41,229355.91
1484524800,10.66,11.21,10.25,10.95,15431.5,165710.61
1484611200,12.55,12.55,10.66,10.66,22685.06,261843.53
1484697600,12.26,13.5,11.16,12.55,19959.17,242556.22
1484784000,12.2,12.5,11.85,12.26,8336.17,100921.31
1484870400,11.84,12.5,11.77,12.2,8796.75,105514.59
1484956800,12.14,12.23,11.76,11.84,14465.43,174547.42
1485043200,12.01,12.3,12,12.14,9742.95,116788.11
1485129600,12.3,12.49,12.01,12.01,5063.84,61741.29
1485216000,11.7,12.3,11.7,12.3,21434.7,254767.61
1485302400,11.92,12.04,11.53,11.7,13495.46,157326.17
1485388800,12.13,12.4,11.58,11.92,7864.23,94218.65
1485475200,12.13,12.13,11.6,12.13,8512.38,101047.6
1485561600,12.98,13.04,12.13,12.13,30101.49,378740.74
1485648000,12.92,12.98,12.37,12.98,5230.71,67429.73
1485734400,12.92,12.92,12.51,12.92,2945.59,37444.04
1485820800,13.26,13.26,12.73,12.92,7528.77,98342.09
1485907200,13.25,13.37,12.9,13.26,14756.38,192846.93
1485993600,13.09,13.43,13,13.25,14379.39,189543.6
1486080000,12.92,13.25,12.08,13.09,19830.67,249850.87
1486166400,12.75,13.12,12.37,12.92,19702.45,248915.48
1486252800,12.61,12.92,12.6,12.75,3919.93,49766.32
1486339200,12.8,12.81,12.48,12.61,5167.56,64883.03
1486425600,12.6,13.13,12.5,12.8,12292.82,156221.56
1486512000,12.56,12.87,12.36,12.6,9988.93,125598.39
1486598400,12.05,12.85,11.74,12.56,19111.93,230362.82
1486684800,12.28,12.36,11.9,12.05,10898.1,130917.76
1486771200,12.48,12.5,12.22,12.28,4834.27,59016.39
1486857600,12.41,12.5,12.16,12.48,3845.46,47115.88
1486944000,12.39,12.44,12.24,12.41,5729.95,69891.71
1487030400,13.02,13.15,12.17,12.39,13258.97,168762.21
1487116800,13.8,13.8,12.86,13.02,28132.34,373104.52
1487203200,13,13.8,12.87,13.8,15965.1,211064.38
1487289600,13.3,13.6,13,13,6044.41,80582.11
1487376000,13.6,13.6,13.18,13.3,5128.47,69050.81
1487462400,13.23,13.6,13.23,13.6,2056.79,27273.2
1487548800,12.21,13.23,11.62,13.23,58289.29,716484.32
1487635200,12.5,12.5,11.99,12.21,17060.88,209679.74
1487721600,12.93,12.93,12.14,12.5,13680.4,172544.5
1487808000,13.02,13.11,12.66,12.93,8205.59,106027.18
1487894400,12.1,13.3,11.74,13.02,27258.33,330689.69
1487980800,11.9,12.23,11.75,12.1,14041.42,168670.79
1488067200,11.81,12.1,11.77,11.9,20090.14,239957.72
1488153600,11.97,12.22,11.77,11.81,9078.35,109823.43
1488240000,12.27,12.27,11.62,11.97,41154.34,489761.92
1488326400,12.3,12.96,12.2,12.27,62811.88,787275.53
1488412800,13.19,13.5,12.15,12.3,65385.87,841148.37
1488499200,13.83,14.5,12.84,13.19,67066.03,926105.36
1488585600,13.41,14.23,13.4,13.83,21973.29,303132.04
1488672000,15.03,15.46,13.4,13.41,41556.92,613878.17
1488758400,15.4,16,13.51,15.03,45864.4,705333.19
1488844800,13.62,15.51,13.61,15.4,57673.26,820570.98
1488931200,12.41,13.9,12.37,13.62,52979.69,690397.65
1489017600,13.1,13.55,12.15,12.41,38660.64,500867.54
1489104000,13.03,13.62,12.15,13.1,90625.19,1169823.65
1489190400,14.64,14.64,12.97,13.03,49943.3,692636.89
1489276800,16.9,17.02,14.24,14.64,122325.52,1944906.6
1489363200,18.49,19.47,16.11,16.9,111881.23,2011183.69
1489449600,17.41,18.5,17.01,18.49,54948.62,972535.54
1489536000,19.32,19.8,17.1,17.41,74616.63,1384517.14
1489622400,22.3,24,18.65,19.32,153914.51,3300504.18
1489708800,21.98,25.99,19.21,22.3,197781.12,4441095.69
1489795200,19.4,21.99,18.02,21.98,123338.01,2430733.93
1489881600,21.89,23.68,19.39,19.4,117361.97,2645944.23
1489968000,22.38,24,21.09,21.89,51311.98,1195296.9
1490054400,21.57,24,20.5,22.38,113037.32,2439616.12
1490140800,20.4,22.21,20.26,21.57,61161.06,1299932.94
1490227200,22.02,22.45,20.26,20.4,36362.76,779254.73
1490313600,21.61,22.02,20.5,22.02,79872.29,1723847.72
1490400000,19.75,21.62,19.5,21.61,70483.26,1454095.25
1490486400,18.9,20.04,18.36,19.75,44264.03,871505.28
1490572800,19.4,19.9,16.5,18.9,74756.9,1390292.47
1490659200,19.99,20.25,17.68,19.4,62013.78,1175691.15
1490745600,21.18,21.18,19.12,19.99,48622.67,975253.12
1490832000,20.2,21.5,19.58,21.18,36732.83,749533.65
1490918400,20.19,20.9,19.41,20.2,43917.7,883154.46
1491004800,21.05,21.12,18.97,20.19,42429.11,853210.39
1491091200,20.11,21.19,19.79,21.05,44766.67,910820.71
1491177600,20,20.94,19.5,20.11,41400.52,832156.81
1491264000,20.47,20.8,19.63,20,27385.98,553062.65
1491350400,19.75,20.66,19.71,20.47,34063.1,684349.99
1491436800,19.47,20.27,18.44,19.75,71757.34,1382731.52
1491523200,19.82,20.38,19.24,19.47,19663.04,388915.2
1491609600,20.81,21.48,19.44,19.82,38571.81,791729.21
1491696000,20.71,21.48,20.01,20.81,29187.05,610249.22
1491782400,22.34,22.64,20.7,20.71,41882.11,911772.52
1491868800,21.91,22.32,21.35,22.34,22483.01,493562.54
1491955200,21.83,22.52,21.4,21.91,27207.13,600911.47
1492041600,21.52,22.32,21.38,21.83,25384.86,558773.48
1492128000,21.07,22.17,19.6,21.52,37311.84,791998.92
1492214400,20.64,21.49,20.52,21.07,27279.14,577208.68
1492300800,20.15,21.11,20.11,20.64,18541.58,385844.2
1492387200,20.53,21.21,20.14,20.15,42031.18,892674.32
1492473600,20.98,21.12,20.46,20.53,27791.44,599143.83
1492560000,20.25,21.05,20.11,20.98,18681.02,400822.94
1492646400,20.2,20.98,20.2,20.25,27524.98,589841.82
1492732800,20.04,20.62,19.6,20.2,35967.4,761248.37
1492819200,20.03,20.62,19.96,20.04,28395.35,612370.8
1492905600,20.04,20.37,19.91,20.03,27085.3,589923.67
1492992000,19.58,20.26,19.58,20.04,33469.32,715049.08
1493078400,19.59,20.26,19.5,19.58,21097.23,447282.41
1493164800,19.5,20.13,19.3,19.59,48146.39,1011612.66
1493251200,21.42,22.01,19.5,19.5,120513.91,2699001.63
1493337600,22.55,22.84,21.18,21.42,73737.34,1718851.71
1493424000,23.22,23.45,21.94,22.55,41519,1012215.58
1493510400,23.7,24.34,23.24,23.22,64213.12,1630779.5
1493596800,22.48,23.98,21.95,23.7,75368.22,1848008.25
1493683200,23.23,23.29,21.95,22.48,30056.33,732899.2
1493769600,25.44,25.68,22.6,23.23,60781.81,1595689.96
1493856000,25.98,26.78,24.47,25.44,102047.83,2760152.07
1493942400,27.36,31.48,25.03,25.98,134736.14,3841837.18
1494028800,27.74,29.92,27.33,27.36,53885.06,1581379.18
1494115200,31.72,37.97,27.74,27.74,109152.24,3450387.89
1494201600,29.59,33.14,26.06,31.72,116756.41,3690741.66
1494288000,28.06,30.79,25.25,29.59,70422.21,2025172.84
1494374400,30.43,30.94,27.43,28.06,34585.19,1034565.93
1494460800,29.77,30.86,28.55,30.43,23469.49,703266.65
1494547200,28.85,30.32,27.69,29.77,23453.78,700193.39
1494633600,28.49,28.87,27.22,28.85,23065.45,654517.12
1494720000,28.44,29.01,27.43,28.49,9482.19,273754.44
1494806400,27.67,28.62,27.21,28.44,16499.98,466028.34
1494892800,26.78,27.79,26.3,27.67,17865.2,489663.39
1494979200,27.32,28.34,25.48,26.78,24946.15,675768.17
1495065600,30.79,31.3,27.29,27.32,55703.53,1683093.56
1495152000,32,32,29.87,30.79,29051.7,916204.76
1495238400,34.8,36.99,31.34,32,71789.94,2485051.36
1495324800,34.39,36.51,32.71,34.8,48993.35,1708970.13
1495411200,36.13,40.41,32.39,34.39,112944.84,4105984.88
1495497600,55.41,55.97,35.83,36.13,105391.17,4865042.39
1495584000,45.03,58.5,43.01,55.41,176977.49,9100690.75
1495670400,40.04,51.61,39.2,45.03,146206.3,6395532.81
1495756800,38.48,45,34.85,40.04,82723.64,3211478.61
1495843200,31.73,40.29,26.1,38.41,107141.35,3346891.73
1495929600,36.04,39.89,30.26,33.2,49796.96,1743998.43
1496016000,41.08,43.95,32.96,36.04,76058.12,3025472.16
1496102400,39.34,46.21,39.08,41.08,64866.09,2689998.31
1496188800,41.61,43.92,37.43,39.34,43790.49,1737350.57
1496275200,43.99,45.86,39.22,41.61,33711.29,1444208.17
1496361600,43.8,45,42.44,43.99,22781.7,972477.22
1496448000,42.48,44.91,42.04,43.8,15405.54,655653.68
1496534400,42.77,43.72,41.04,42.48,17860.8,745403.75
1496620800,48.45,48.68,41.94,42.77,43151.54,1959057.05
1496707200,54.58,54.99,47.26,48.45,112972.93,5709461.25
1496793600,53.01,61.69,51.69,54.58,136053.15,7602925.73
1496880000,56.11,56.62,51.67,53.01,42378.1,2276918.99
1496966400,55.52,57.41,54.74,56.11,25556.69,1432265.82
1497052800,51.11,56.66,49.16,55.52,36832.57,1968700.11
1497139200,57.72,57.72,50.27,51.11,50777.53,2805388.7
1497225600,49.9,59.26,45,57.72,151205.7,7158411.1
1497312000,51.74,52.79,49.17,49.9,38243.37,1939951.67
1497398400,45.34,53.83,43.44,51.74,62208.94,2987303.57
1497484800,46.26,46.95,37.22,45.34,80970.35,3464638.7
1497571200,47.41,48.18,43.35,46.26,33937.39,1566624.79
1497657600,52.51,52.61,46.71,47.41,46528.87,2342038.19
1497744000,49.71,54.03,48.12,52.51,34865.55,1786805.9
1497830400,50.45,51.44,48.94,49.71,33108.28,1665344.15
1497916800,51.04,53.53,50.2,50.45,31108.86,1611266.24
1498003200,48.5,52.16,45.93,51.04,33182.33,1655251.57
1498089600,49.93,50.53,48.11,48.5,14190.81,699036.9
1498176000,50.73,51.96,49.61,49.93,20617.3,1046626.43
1498262400,46.95,51,45.98,50.73,23980.8,1154668.6
1498348800,45.14,48.09,43.8,46.95,35659.31,1623268.13
1498435200,43.34,47.3,37.78,45.14,55798.29,2323216.49
1498521600,43.41,44.98,37.22,43.34,51092.51,2066279.99
1498608000,47.1,47.55,41.91,43.41,35435.85,1574115.42
1498694400,44.42,47.75,44.19,47.1,43193.42,1964579.67
1498780800,43.23,45.49,42.57,44.42,36871.59,1630376.01
1498867200,40.06,43.57,38.87,43.23,42710.81,1755945.09
1498953600,42.2,42.72,39.2,40.06,35737.95,1461530.18
1499040000,43.72,44.17,40.81,42.2,47129.6,2018877.94
1499126400,45.19,45.72,43.43,43.72,58044.16,2590645.62
1499212800,45.82,46.66,44.28,45.19,45864.97,2091918.31
1499299200,49.94,50.16,45.81,45.82,87989.8,4244696.28
1499385600,44.07,50.66,43.51,49.94,98222.98,4540678.77
1499472000,45.9,46.02,41.79,44.07,55089.13,2386831.89
1499558400,44.56,46.97,44.22,45.9,43326.48,1970938.34
1499644800,40.04,45.22,37.59,44.56,52619.06,2216491.01
1499731200,36.8,41.37,35.1,40.04,76751.53,2856369.46
1499817600,40.23,40.92,35.31,36.8,75442.79,2920231.59
1499904000,38.02,40.62,36.84,40.23,46758.13,1803708.79
1499990400,35.43,38.42,33.95,38.02,66666.67,2410888.85
1500076800,32.15,35.43,31.19,35.43,60094.49,1981517.26
1500163200,29.36,32.63,28.22,32.15,127437.28,3864722.96
1500249600,34.67,35,29.27,29.36,100901.04,3284690.86
1500336000,36.32,37.98,33.09,34.67,82015.3,2890278.36
1500422400,34.94,37.88,33.9,36.32,31880.21,1154210.5
1500508800,40.96,41.63,34.74,34.94,78537.76,3077692.99
1500595200,40.3,42.56,38.8,40.96,36899.27,1502222.72
1500681600,44.86,44.94,40.01,40.3,40524.67,1728493.89
1500768000,42.63,44.96,41.58,44.86,64096,2771017.55
1500854400,46.06,46.07,41.75,42.63,65693.41,2877603.79
1500940800,40.66,46.26,37.88,46.06,96319.46,3934712.88
1501027200,45.77,46.93,38.44,40.66,137028.48,5883427.74
1501113600,45.14,46.66,43.73,45.77,107968.78,4884718.25
1501200000,43.67,45.87,42.72,45.14,82268.31,3626893.49
1501286400,43.97,44.39,42.02,43.67,49713.42,2148841.99
1501372800,39.92,44.14,39.74,43.97,71136.41,2948172.44
1501459200,39.68,41.16,38.75,39.92,74841.89,2982832.31
1501545600,44.13,45.24,39.58,39.68,104097.3,4373127.82
1501632000,43.84,48.23,42.83,44.13,53420.91,2342530.15
1501718400,43.24,44.54,43,43.84,51216.76,2237928.32
1501804800,45.12,45.61,43.04,43.24,50452.66,2214261.58
1501891200,48.6,50.02,45.11,45.12,78187.19,3749405.03
1501977600,47.92,49.51,47.34,48.6,42810.22,2065186.36
1502064000,50.16,50.23,47.07,47.92,67006.7,3232710.34
1502150400,51.96,52.85,49.76,50.16,65653.94,3377800.91
1502236800,51.08,53.46,49.6,51.96,65544.55,3361227.68
1502323200,49.39,51.38,49.38,51.08,52080.25,2617833.85
1502409600,50.54,51.49,48.59,49.39,47295.89,2361971.2
1502496000,49.5,51.76,46.06,50.54,72345.3,3502272.99
1502582400,47.69,50.14,43.82,49.5,72862.75,3472312.82
1502668800,49.91,49.93,46.5,47.69,60462.28,2919312.96
1502755200,48.7,50.26,45.3,49.91,73471.99,3497586.43
1502841600,48.63,49.05,47.09,48.7,51336.69,2469882.77
1502928000,47.26,49.44,47.09,48.63,59672.63,2891656.31
1503014400,46.6,49,45.55,47.26,71272.47,3397517.94
1503100800,55.52,58.31,46.47,46.6,129914.88,6918293.5
1503187200,54.95,56.2,51.92,55.52,66983.35,3634763.38
1503273600,77.74,98.25,52.67,54.95,564343.02,44213996.29
1503360000,90.77,95.77,71.89,77.74,325053.16,27700647.5
1503446400,90.42,100.08,85.37,90.77,238117.37,22094328.39
1503532800,86.16,94.12,79.26,90.42,190841.24,16253799.73
1503619200,108.01,108.8,85.09,86.16,242851.75,23631651.03
1503705600,137.65,148.19,104.67,108.01,497909.69,65367163.79
1503792000,130.74,139.18,124.24,137.65,151654.9,19934487.88
1503878400,144.99,154.88,128.06,130.74,358486.47,50678146.95
1503964800,133.21,145.57,127.66,144.99,164552.93,22265187.11
1504051200,130.27,134.74,122.44,133.21,98098.11,12542684.12
