time,BTC,ETH,BCH,LTC,XMR,XRP,ZEC
1279324800,0.049510000000000005,,,,,,
1279411200,0.08584,,,,,,
1279497600,0.0808,,,,,,
1279584000,0.07474,,,,,,
1279670400,0.07921,,,,,,
1279756800,0.0505,,,,,,
1279843200,0.06262000000000001,,,,,,
1279929600,0.05454,,,,,,
1280016000,0.0505,,,,,,
1280102400,0.055999999999999994,,,,,,
1280188800,0.06,,,,,,
1280275200,0.0589,,,,,,
1280361600,0.0699,,,,,,
1280448000,0.0627,,,,,,
1280534400,0.06785,,,,,,
1280620800,0.0611,,,,,,
1280707200,0.06,,,,,,
1280793600,0.06,,,,,,
1280880000,0.057,,,,,,
1280966400,0.061,,,,,,
1281052800,0.0623,,,,,,
1281139200,0.059000000000000004,,,,,,
1281225600,0.0609,,,,,,
1281312000,0.071,,,,,,
1281398400,0.07,,,,,,
1281484800,0.067,,,,,,
1281571200,0.07,,,,,,
1281657600,0.0645,,,,,,
1281744000,0.067,,,,,,
1281830400,0.06529,,,,,,
1281916800,0.0655,,,,,,
1282003200,0.07,,,,,,
1282089600,0.068,,,,,,
1282176000,0.0667,,,,,,
1282262400,0.0655,,,,,,
1282348800,0.0664,,,,,,
1282435200,0.066,,,,,,
1282521600,0.06491,,,,,,
1282608000,0.065,,,,,,
1282694400,0.0648,,,,,,
1282780800,0.064,,,,,,
1282867200,0.065,,,,,,
1282953600,0.0641,,,,,,
1283040000,0.064,,,,,,
1283126400,0.06497,,,,,,
1283212800,0.06,,,,,,
1283299200,0.0629,,,,,,
1283385600,0.0634,,,,,,
1283472000,0.06085,,,,,,
1283558400,0.06238,,,,,,
1283644800,0.0616,,,,,,
1283731200,0.0616,,,,,,
1283817600,0.061,,,,,,
1283904000,0.062,,,,,,
1283990400,0.061110000000000005,,,,,,
1284076800,0.0618,,,,,,
1284163200,0.06366000000000001,,,,,,
1284249600,0.0615,,,,,,
1284336000,0.062189999999999995,,,,,,
1284422400,0.061989999999999996,,,,,,
1284508800,0.0604,,,,,,
1284595200,0.0619,,,,,,
1284681600,0.059000000000000004,,,,,,
1284768000,0.061,,,,,,
1284854400,0.0627,,,,,,
1284940800,0.0621,,,,,,
1285027200,0.06265,,,,,,
1285113600,0.0622,,,,,,
1285200000,0.062310000000000004,,,,,,
1285286400,0.0622,,,,,,
1285372800,0.062020000000000006,,,,,,
1285459200,0.062,,,,,,
1285545600,0.0622,,,,,,
1285632000,0.0619,,,,,,
1285718400,0.06191,,,,,,
1285804800,0.0619,,,,,,
1285891200,0.061970000000000004,,,,,,
1285977600,0.0614,,,,,,
1286064000,0.061110000000000005,,,,,,
1286150400,0.0613,,,,,,
1286236800,0.0614,,,,,,
1286323200,0.06281,,,,,,
1286409600,0.067,,,,,,
1286496000,0.08685,,,,,,
1286582400,0.0938,,,,,,
1286668800,0.0965,,,,,,
1286755200,0.095,,,,,,
1286841600,0.0949,,,,,,
1286928000,0.105,,,,,,
1287014400,0.102,,,,,,
1287100800,0.105,,,,,,
1287187200,0.10099999999999999,,,,,,
1287273600,0.102,,,,,,
1287360000,0.1024,,,,,,
1287446400,0.09699999999999999,,,,,,
1287532800,0.099,,,,,,
1287619200,0.107,,,,,,
1287705600,0.1025,,,,,,
1287792000,0.1055,,,,,,
1287878400,0.115,,,,,,
1287964800,0.132,,,,,,
1288051200,0.1503,,,,,,
1288137600,0.1877,,,,,,
1288224000,0.1731,,,,,,
1288310400,0.19,,,,,,
1288396800,0.1989,,,,,,
1288483200,0.1925,,,,,,
1288569600,0.1955,,,,,,
1288656000,0.1938,,,,,,
1288742400,0.1931,,,,,,
1288828800,0.23,,,,,,
1288915200,0.26,,,,,,
1289001600,0.39,,,,,,
1289088000,0.34,,,,,,
1289174400,0.243,,,,,,
1289260800,0.21,,,,,,
1289347200,0.24,,,,,,
1289433600,0.2231,,,,,,
1289520000,0.2682,,,,,,
1289606400,0.276,,,,,,
1289692800,0.27899999999999997,,,,,,
1289779200,0.2682,,,,,,
1289865600,0.223,,,,,,
1289952000,0.2299,,,,,,
1290038400,0.2678,,,,,,
1290124800,0.28,,,,,,
1290211200,0.28300000000000003,,,,,,
1290297600,0.2767,,,,,,
1290384000,0.2879,,,,,,
1290470400,0.2829,,,,,,
1290556800,0.28300000000000003,,,,,,
1290643200,0.28,,,,,,
1290729600,0.2844,,,,,,
1290816000,0.28300000000000003,,,,,,
1290902400,0.27,,,,,,
1290988800,0.2299,,,,,,
1291075200,0.2082,,,,,,
1291161600,0.2275,,,,,,
1291248000,0.255,,,,,,
1291334400,0.251,,,,,,
1291420800,0.205,,,,,,
1291507200,0.19,,,,,,
1291593600,0.204,,,,,,
1291680000,0.233,,,,,,
1291766400,0.2388,,,,,,
1291852800,0.2,,,,,,
1291939200,0.204,,,,,,
1292025600,0.228,,,,,,
1292112000,0.22,,,,,,
1292198400,0.2299,,,,,,
1292284800,0.2467,,,,,,
1292371200,0.23800000000000002,,,,,,
1292457600,0.25,,,,,,
1292544000,0.24,,,,,,
1292630400,0.24100000000000002,,,,,,
1292716800,0.2401,,,,,,
1292803200,0.267,,,,,,
1292889600,0.24,,,,,,
1292976000,0.25,,,,,,
1293062400,0.25,,,,,,
1293148800,0.248,,,,,,
1293235200,0.2499,,,,,,
1293321600,0.265,,,,,,
1293408000,0.265,,,,,,
1293494400,0.281,,,,,,
1293580800,0.3,,,,,,
1293667200,0.3,,,,,,
1293753600,0.3,,,,,,
1293840000,0.3,,,,,,
1293926400,0.3,,,,,,
1294012800,0.295,,,,,,
1294099200,0.2989,,,,,,
1294185600,0.299,,,,,,
1294272000,0.298,,,,,,
1294358400,0.32,,,,,,
1294444800,0.3229,,,,,,
1294531200,0.32299999999999995,,,,,,
1294617600,0.3266,,,,,,
1294704000,0.3266,,,,,,
1294790400,0.3188,,,,,,
1294876800,0.3176,,,,,,
1294963200,0.4,,,,,,
1295049600,0.386,,,,,,
1295136000,0.3868,,,,,,
1295222400,0.3495,,,,,,
1295308800,0.313,,,,,,
1295395200,0.313,,,,,,
1295481600,0.39,,,,,,
1295568000,0.4199,,,,,,
1295654400,0.4443,,,,,,
1295740800,0.4424,,,,,,
1295827200,0.4199,,,,,,
1295913600,0.41,,,,,,
1296000000,0.41700000000000004,,,,,,
1296086400,0.4212,,,,,,
1296172800,0.446,,,,,,
1296259200,0.439,,,,,,
1296345600,0.4799,,,,,,
1296432000,0.52,,,,,,
1296518400,0.7,,,,,,
1296604800,0.716,,,,,,
1296691200,0.69,,,,,,
1296777600,0.8109999999999999,,,,,,
1296864000,0.92,,,,,,
1296950400,0.8997,,,,,,
1297036800,0.89,,,,,,
1297123200,0.9179999999999999,,,,,,
1297209600,1.09,,,,,,
1297296000,0.9803,,,,,,
1297382400,1.07,,,,,,
1297468800,1.08,,,,,,
1297555200,1.05,,,,,,
1297641600,1.07,,,,,,
1297728000,1.05,,,,,,
1297814400,1.05,,,,,,
1297900800,1.04,,,,,,
1297987200,0.8989,,,,,,
1298073600,0.9490000000000001,,,,,,
1298160000,0.85,,,,,,
1298246400,0.8345,,,,,,
1298332800,0.8702,,,,,,
1298419200,0.9,,,,,,
1298505600,0.9974,,,,,,
1298592000,0.9111,,,,,,
1298678400,0.958,,,,,,
1298764800,0.89,,,,,,
1298851200,0.86,,,,,,
1298937600,0.9202,,,,,,
1299024000,0.9399,,,,,,
1299110400,0.9391,,,,,,
1299196800,0.9009999999999999,,,,,,
1299283200,0.9103,,,,,,
1299369600,0.8999,,,,,,
1299456000,0.885,,,,,,
1299542400,0.87,,,,,,
1299628800,0.8645,,,,,,
1299715200,0.9329,,,,,,
1299801600,0.88,,,,,,
1299888000,0.9179999999999999,,,,,,
1299974400,0.8925,,,,,,
1300060800,0.8949,,,,,,
1300147200,0.87,,,,,,
1300233600,0.86,,,,,,
1300320000,0.8254,,,,,,
1300406400,0.8165,,,,,,
1300492800,0.765,,,,,,
1300579200,0.7411,,,,,,
1300665600,0.759,,,,,,
1300752000,0.809,,,,,,
1300838400,0.8497,,,,,,
1300924800,0.8669,,,,,,
1301011200,0.8838,,,,,,
1301097600,0.8552,,,,,,
1301184000,0.82,,,,,,
1301270400,0.799,,,,,,
1301356800,0.7925,,,,,,
1301443200,0.7897,,,,,,
1301529600,0.7846,,,,,,
1301616000,0.7741,,,,,,
1301702400,0.782,,,,,,
1301788800,0.779,,,,,,
1301875200,0.68,,,,,,
1301961600,0.71,,,,,,
1302048000,0.74,,,,,,
1302134400,0.7538,,,,,,
1302220800,0.75,,,,,,
1302307200,0.73,,,,,,
1302393600,0.7369,,,,,,
1302480000,0.77,,,,,,
1302566400,0.86,,,,,,
1302652800,0.9225,,,,,,
1302739200,1.0,,,,,,
1302825600,0.9899,,,,,,
1302912000,1.05,,,,,,
1302998400,1.11,,,,,,
1303084800,1.16,,,,,,
1303171200,1.2,,,,,,
1303257600,1.14,,,,,,
1303344000,1.21,,,,,,
1303430400,1.41,,,,,,
1303516800,1.7,,,,,,
1303603200,1.63,,,,,,
1303689600,1.56,,,,,,
1303776000,1.79,,,,,,
1303862400,1.9,,,,,,
1303948800,2.21,,,,,,
1304035200,2.88,,,,,,
1304121600,3.5,,,,,,
1304208000,3.03,,,,,,
1304294400,3.2,,,,,,
1304380800,3.41,,,,,,
1304467200,3.41,,,,,,
1304553600,3.33,,,,,,
1304640000,3.45,,,,,,
1304726400,3.64,,,,,,
1304812800,3.87,,,,,,
1304899200,3.8,,,,,,
1304985600,5.81,,,,,,
1305072000,5.5,,,,,,
1305158400,6.3,,,,,,
1305244800,8.2,,,,,,
1305331200,7.2,,,,,,
1305417600,6.99,,,,,,
1305504000,8.03,,,,,,
1305590400,7.19,,,,,,
1305676800,6.88,,,,,,
1305763200,6.81,,,,,,
1305849600,5.59,,,,,,
1305936000,6.12,,,,,,
1306022400,6.69,,,,,,
1306108800,7.15,,,,,,
1306195200,7.42,,,,,,
1306281600,8.4,,,,,,
1306368000,8.8,,,,,,
1306454400,8.5,,,,,,
1306540800,8.3,,,,,,
1306627200,8.43,,,,,,
1306713600,8.8,,,,,,
1306800000,8.74,,,,,,
1306886400,9.57,,,,,,
1306972800,10.6,,,,,,
1307059200,14.29,,,,,,
1307145600,18.89,,,,,,
1307232000,16.7,,,,,,
1307318400,18.55,,,,,,
1307404800,23.92,,,,,,
1307491200,29.6,,,,,,
1307577600,28.92,,,,,,
1307664000,23.95,,,,,,
1307750400,14.65,,,,,,
1307836800,18.55,,,,,,
1307923200,19.84,,,,,,
1308009600,19.28,,,,,,
1308096000,19.49,,,,,,
1308182400,17.0,,,,,,
1308268800,15.68,,,,,,
1308355200,16.89,,,,,,
1308441600,17.51,,,,,,
1308528000,17.51,,,,,,
1308614400,17.51,,,,,,
1308700800,17.51,,,,,,
1308787200,17.51,,,,,,
1308873600,17.51,,,,,,
1308960000,17.51,,,,,,
1309046400,16.45,,,,,,
1309132800,16.75,,,,,,
1309219200,16.95,,,,,,
1309305600,16.85,,,,,,
1309392000,16.1,,,,,,
1309478400,15.4,,,,,,
1309564800,15.4,,,,,,
1309651200,15.44,,,,,,
1309737600,13.86,,,,,,
1309824000,12.91,,,,,,
1309910400,14.78,,,,,,
1309996800,14.78,,,,,,
1310083200,14.31,,,,,,
1310169600,14.38,,,,,,
1310256000,14.9,,,,,,
1310342400,14.21,,,,,,
1310428800,14.01,,,,,,
1310515200,13.95,,,,,,
1310601600,13.99,,,,,,
1310688000,13.81,,,,,,
1310774400,13.72,,,,,,
1310860800,13.16,,,,,,
1310947200,13.48,,,,,,
1311033600,13.85,,,,,,
1311120000,13.69,,,,,,
1311206400,13.61,,,,,,
1311292800,13.7,,,,,,
1311379200,13.68,,,,,,
1311465600,13.98,,,,,,
1311552000,14.05,,,,,,
1311638400,13.88,,,,,,
1311724800,13.94,,,,,,
1311811200,13.49,,,,,,
1311897600,13.5,,,,,,
1311984000,13.53,,,,,,
1312070400,13.35,,,,,,
1312156800,13.09,,,,,,
1312243200,12.05,,,,,,
1312329600,9.26,,,,,,
1312416000,10.75,,,,,,
1312502400,9.8,,,,,,
1312588800,6.55,,,,,,
1312675200,7.9,,,,,,
1312761600,7.8,,,,,,
1312848000,9.99,,,,,,
1312934400,9.98,,,,,,
1313020800,9.46,,,,,,
1313107200,9.46,,,,,,
1313193600,10.13,,,,,,
1313280000,10.8,,,,,,
1313366400,11.15,,,,,,
1313452800,10.96,,,,,,
1313539200,10.95,,,,,,
1313625600,10.83,,,,,,
1313712000,11.65,,,,,,
1313798400,11.45,,,,,,
1313884800,11.31,,,,,,
1313971200,10.9,,,,,,
1314057600,10.94,,,,,,
1314144000,10.85,,,,,,
1314230400,9.66,,,,,,
1314316800,8.18,,,,,,
1314403200,8.59,,,,,,
1314489600,9.07,,,,,,
1314576000,8.97,,,,,,
1314662400,8.79,,,,,,
1314748800,8.2,,,,,,
1314835200,8.21,,,,,,
1314921600,8.64,,,,,,
1315008000,8.48,,,,,,
1315094400,8.18,,,,,,
1315180800,7.61,,,,,,
1315267200,6.86,,,,,,
1315353600,7.19,,,,,,
1315440000,6.53,,,,,,
1315526400,5.03,,,,,,
1315612800,4.77,,,,,,
1315699200,5.86,,,,,,
1315785600,6.08,,,,,,
1315872000,5.8,,,,,,
1315958400,5.62,,,,,,
1316044800,4.84,,,,,,
1316131200,4.82,,,,,,
1316217600,4.77,,,,,,
1316304000,5.2,,,,,,
1316390400,5.46,,,,,,
1316476800,6.11,,,,,,
1316563200,5.61,,,,,,
1316649600,5.43,,,,,,
1316736000,5.55,,,,,,
1316822400,5.47,,,,,,
1316908800,5.33,,,,,,
1316995200,4.87,,,,,,
1317081600,4.92,,,,,,
1317168000,4.77,,,,,,
1317254400,4.78,,,,,,
1317340800,5.14,,,,,,
1317427200,5.03,,,,,,
1317513600,5.03,,,,,,
1317600000,5.02,,,,,,
1317686400,4.96,,,,,,
1317772800,4.87,,,,,,
1317859200,4.73,,,,,,
1317945600,4.27,,,,,,
1318032000,4.01,,,,,,
1318118400,4.1,,,,,,
1318204800,4.1,,,,,,
1318291200,3.93,,,,,,
1318377600,4.15,,,,,,
1318464000,4.05,,,,,,
1318550400,3.99,,,,,,
1318636800,3.84,,,,,,
1318723200,3.56,,,,,,
1318809600,2.56,,,,,,
1318896000,2.42,,,,,,
1318982400,2.27,,,,,,
1319068800,2.35,,,,,,
1319155200,2.57,,,,,,
1319241600,3.16,,,,,,
1319328000,3.17,,,,,,
1319414400,2.55,,,,,,
1319500800,2.77,,,,,,
1319587200,2.77,,,,,,
1319673600,3.04,,,,,,
1319760000,3.19,,,,,,
1319846400,3.58,,,,,,
1319932800,3.27,,,,,,
1320019200,3.25,,,,,,
1320105600,3.15,,,,,,
1320192000,3.25,,,,,,
1320278400,3.15,,,,,,
1320364800,3.11,,,,,,
1320451200,2.97,,,,,,
1320537600,2.96,,,,,,
1320624000,3.01,,,,,,
1320710400,3.04,,,,,,
1320796800,2.95,,,,,,
1320883200,2.84,,,,,,
1320969600,3.08,,,,,,
1321056000,3.03,,,,,,
1321142400,3.0,,,,,,
1321228800,2.22,,,,,,
1321315200,2.33,,,,,,
1321401600,2.56,,,,,,
1321488000,2.25,,,,,,
1321574400,2.05,,,,,,
1321660800,2.2,,,,,,
1321747200,2.2,,,,,,
1321833600,2.29,,,,,,
1321920000,2.33,,,,,,
1322006400,2.33,,,,,,
1322092800,2.43,,,,,,
1322179200,2.51,,,,,,
1322265600,2.47,,,,,,
1322352000,2.48,,,,,,
1322438400,2.55,,,,,,
1322524800,2.75,,,,,,
1322611200,2.97,,,,,,
1322697600,3.06,,,,,,
1322784000,3.12,,,,,,
1322870400,2.79,,,,,,
1322956800,2.83,,,,,,
1323043200,2.88,,,,,,
1323129600,3.03,,,,,,
1323216000,2.99,,,,,,
1323302400,2.98,,,,,,
1323388800,2.97,,,,,,
1323475200,3.05,,,,,,
1323561600,3.25,,,,,,
1323648000,3.14,,,,,,
1323734400,3.25,,,,,,
1323820800,3.15,,,,,,
1323907200,3.2,,,,,,
1323993600,3.2,,,,,,
1324080000,3.2,,,,,,
1324166400,3.19,,,,,,
1324252800,3.52,,,,,,
1324339200,3.95,,,,,,
1324425600,3.89,,,,,,
1324512000,3.89,,,,,,
1324598400,3.95,,,,,,
1324684800,3.94,,,,,,
1324771200,4.22,,,,,,
1324857600,4.02,,,,,,
1324944000,4.07,,,,,,
1325030400,4.19,,,,,,
1325116800,4.17,,,,,,
1325203200,4.25,,,,,,
1325289600,4.72,,,,,,
1325376000,5.27,,,,,,
1325462400,5.22,,,,,,
1325548800,4.88,,,,,,
1325635200,5.57,,,,,,
1325721600,6.95,,,,,,
1325808000,6.7,,,,,,
1325894400,6.81,,,,,,
1325980800,7.11,,,,,,
1326067200,6.33,,,,,,
1326153600,6.36,,,,,,
1326240000,6.9,,,,,,
1326326400,6.8,,,,,,
1326412800,6.41,,,,,,
1326499200,6.75,,,,,,
1326585600,7.0,,,,,,
1326672000,6.68,,,,,,
1326758400,5.6,,,,,,
1326844800,5.92,,,,,,
1326931200,6.36,,,,,,
1327017600,6.49,,,,,,
1327104000,6.18,,,,,,
1327190400,6.31,,,,,,
1327276800,6.36,,,,,,
1327363200,6.29,,,,,,
1327449600,5.75,,,,,,
1327536000,5.34,,,,,,
1327622400,5.29,,,,,,
1327708800,5.63,,,,,,
1327795200,5.38,,,,,,
1327881600,5.49,,,,,,
1327968000,5.48,,,,,,
1328054400,6.08,,,,,,
1328140800,6.1,,,,,,
1328227200,5.96,,,,,,
1328313600,5.87,,,,,,
1328400000,5.69,,,,,,
1328486400,5.45,,,,,,
1328572800,5.69,,,,,,
1328659200,5.6,,,,,,
1328745600,5.83,,,,,,
1328832000,5.91,,,,,,
1328918400,5.6,,,,,,
1329004800,5.51,,,,,,
1329091200,5.26,,,,,,
1329177600,4.46,,,,,,
1329264000,4.33,,,,,,
1329350400,4.27,,,,,,
1329436800,4.41,,,,,,
1329523200,4.22,,,,,,
1329609600,4.39,,,,,,
1329696000,4.36,,,,,,
1329782400,4.27,,,,,,
1329868800,4.42,,,,,,
1329955200,5.01,,,,,,
1330041600,5.03,,,,,,
1330128000,4.77,,,,,,
1330214400,4.92,,,,,,
1330300800,4.96,,,,,,
1330387200,4.87,,,,,,
1330473600,4.86,,,,,,
1330560000,4.92,,,,,,
1330646400,4.7,,,,,,
1330732800,4.61,,,,,,
1330819200,4.82,,,,,,
1330905600,4.98,,,,,,
1330992000,4.99,,,,,,
1331078400,4.94,,,,,,
1331164800,4.93,,,,,,
1331251200,4.86,,,,,,
1331337600,4.83,,,,,,
1331424000,4.91,,,,,,
1331510400,4.89,,,,,,
1331596800,5.27,,,,,,
1331683200,5.38,,,,,,
1331769600,5.33,,,,,,
1331856000,5.34,,,,,,
1331942400,5.22,,,,,,
1332028800,5.28,,,,,,
1332115200,4.69,,,,,,
1332201600,4.84,,,,,,
1332288000,4.81,,,,,,
1332374400,4.7,,,,,,
1332460800,4.69,,,,,,
1332547200,4.68,,,,,,
1332633600,4.55,,,,,,
1332720000,4.62,,,,,,
1332806400,4.81,,,,,,
1332892800,4.79,,,,,,
1332979200,4.81,,,,,,
1333065600,4.86,,,,,,
1333152000,4.91,,,,,,
1333238400,4.83,,,,,,
1333324800,4.97,,,,,,
1333411200,4.95,,,,,,
1333497600,4.91,,,,,,
1333584000,4.92,,,,,,
1333670400,4.95,,,,,,
1333756800,4.69,,,,,,
1333843200,4.79,,,,,,
1333929600,4.87,,,,,,
1334016000,4.84,,,,,,
1334102400,4.93,,,,,,
1334188800,4.92,,,,,,
1334275200,4.94,,,,,,
1334361600,4.96,,,,,,
1334448000,4.97,,,,,,
1334534400,4.93,,,,,,
1334620800,4.98,,,,,,
1334707200,5.12,,,,,,
1334793600,5.14,,,,,,
1334880000,5.35,,,,,,
1334966400,5.26,,,,,,
1335052800,5.2,,,,,,
1335139200,4.96,,,,,,
1335225600,5.1,,,,,,
1335312000,5.13,,,,,,
1335398400,5.1,,,,,,
1335484800,5.11,,,,,,
1335571200,4.98,,,,,,
1335657600,4.9,,,,,,
1335744000,4.95,,,,,,
1335830400,5.0,,,,,,
1335916800,5.07,,,,,,
1336003200,5.13,,,,,,
1336089600,5.07,,,,,,
1336176000,5.08,,,,,,
1336262400,5.05,,,,,,
1336348800,5.06,,,,,,
1336435200,5.05,,,,,,
1336521600,5.04,,,,,,
1336608000,4.85,,,,,,
1336694400,4.96,,,,,,
1336780800,4.95,,,,,,
1336867200,4.93,,,,,,
1336953600,5.01,,,,,,
1337040000,5.04,,,,,,
1337126400,5.09,,,,,,
1337212800,5.1,,,,,,
1337299200,5.12,,,,,,
1337385600,5.1,,,,,,
1337472000,5.09,,,,,,
1337558400,5.1,,,,,,
1337644800,5.1,,,,,,
1337731200,5.14,,,,,,
1337817600,5.12,,,,,,
1337904000,5.15,,,,,,
1337990400,5.1,,,,,,
1338076800,5.14,,,,,,
1338163200,5.14,,,,,,
1338249600,5.15,,,,,,
1338336000,5.14,,,,,,
1338422400,5.18,,,,,,
1338508800,5.27,,,,,,
1338595200,5.25,,,,,,
1338681600,5.21,,,,,,
1338768000,5.27,,,,,,
1338854400,5.44,,,,,,
1338940800,5.46,,,,,,
1339027200,5.59,,,,,,
1339113600,5.63,,,,,,
1339200000,5.56,,,,,,
1339286400,5.47,,,,,,
1339372800,5.57,,,,,,
1339459200,5.7,,,,,,
1339545600,5.93,,,,,,
1339632000,5.95,,,,,,
1339718400,6.5,,,,,,
1339804800,6.4,,,,,,
1339891200,6.16,,,,,,
1339977600,6.31,,,,,,
1340064000,6.5,,,,,,
1340150400,6.67,,,,,,
1340236800,6.68,,,,,,
1340323200,6.55,,,,,,
1340409600,6.43,,,,,,
1340496000,6.35,,,,,,
1340582400,6.3,,,,,,
1340668800,6.42,,,,,,
1340755200,6.65,,,,,,
1340841600,6.61,,,,,,
1340928000,6.65,,,,,,
1341014400,6.69,,,,,,
1341100800,6.63,,,,,,
1341187200,6.76,,,,,,
1341273600,6.45,,,,,,
1341360000,6.51,,,,,,
1341446400,6.67,,,,,,
1341532800,6.65,,,,,,
1341619200,6.76,,,,,,
1341705600,6.8,,,,,,
1341792000,7.02,,,,,,
1341878400,7.2,,,,,,
1341964800,7.15,,,,,,
1342051200,7.76,,,,,,
1342137600,7.67,,,,,,
1342224000,7.54,,,,,,
1342310400,7.62,,,,,,
1342396800,8.5,,,,,,
1342483200,8.8,,,,,,
1342569600,9.11,,,,,,
1342656000,8.87,,,,,,
1342742400,8.52,,,,,,
1342828800,8.85,,,,,,
1342915200,8.41,,,,,,
1343001600,8.45,,,,,,
1343088000,8.6,,,,,,
1343174400,8.8,,,,,,
1343260800,8.9,,,,,,
1343347200,8.9,,,,,,
1343433600,8.89,,,,,,
1343520000,8.71,,,,,,
1343606400,9.1,,,,,,
1343692800,9.35,,,,,,
1343779200,9.55,,,,,,
1343865600,10.53,,,,,,
1343952000,10.97,,,,,,
1344038400,10.98,,,,,,
1344124800,10.87,,,,,,
1344211200,10.86,,,,,,
1344297600,11.1,,,,,,
1344384000,11.06,,,,,,
1344470400,11.06,,,,,,
1344556800,11.39,,,,,,
1344643200,11.51,,,,,,
1344729600,11.62,,,,,,
1344816000,12.04,,,,,,
1344902400,12.19,,,,,,
1344988800,13.25,,,,,,
1345075200,13.5,,,,,,
1345161600,11.58,,,,,,
1345248000,11.61,,,,,,
1345334400,8.0,,,,,,
1345420800,10.1,,,,,,
1345507200,9.92,,,,,,
1345593600,9.81,,,,,,
1345680000,10.1,,,,,,
1345766400,10.6,,,,,,
1345852800,10.52,,,,,,
1345939200,10.61,,,,,,
1346025600,10.95,,,,,,
1346112000,10.94,,,,,,
1346198400,10.92,,,,,,
1346284800,10.78,,,,,,
1346371200,10.16,,,,,,
1346457600,9.97,,,,,,
1346544000,10.2,,,,,,
1346630400,10.53,,,,,,
1346716800,10.38,,,,,,
1346803200,11.0,,,,,,
1346889600,11.18,,,,,,
1346976000,11.0,,,,,,
1347062400,11.04,,,,,,
1347148800,11.02,,,,,,
1347235200,11.17,,,,,,
1347321600,11.33,,,,,,
1347408000,11.36,,,,,,
1347494400,11.4,,,,,,
1347580800,11.67,,,,,,
1347667200,11.75,,,,,,
1347753600,11.87,,,,,,
1347840000,11.89,,,,,,
1347926400,12.25,,,,,,
1348012800,12.57,,,,,,
1348099200,12.28,,,,,,
1348185600,12.37,,,,,,
1348272000,12.24,,,,,,
1348358400,12.19,,,,,,
1348444800,12.1,,,,,,
1348531200,12.2,,,,,,
1348617600,12.27,,,,,,
1348704000,12.31,,,,,,
1348790400,12.39,,,,,,
1348876800,12.36,,,,,,
1348963200,12.4,,,,,,
1349049600,12.4,,,,,,
1349136000,12.84,,,,,,
1349222400,12.89,,,,,,
1349308800,12.85,,,,,,
1349395200,12.69,,,,,,
1349481600,12.51,,,,,,
1349568000,11.8,,,,,,
1349654400,11.78,,,,,,
1349740800,11.9,,,,,,
1349827200,12.12,,,,,,
1349913600,12.03,,,,,,
1350000000,12.0,,,,,,
1350086400,11.86,,,,,,
1350172800,11.74,,,,,,
1350259200,11.84,,,,,,
1350345600,11.85,,,,,,
1350432000,11.81,,,,,,
1350518400,11.94,,,,,,
1350604800,11.74,,,,,,
1350691200,11.74,,,,,,
1350777600,11.63,,,,,,
1350864000,11.71,,,,,,
1350950400,11.65,,,,,,
1351036800,11.65,,,,,,
1351123200,10.86,,,,,,
1351209600,10.17,,,,,,
1351296000,10.26,,,,,,
1351382400,10.7,,,,,,
1351468800,10.6,,,,,,
1351555200,10.89,,,,,,
1351641600,11.2,,,,,,
1351728000,10.57,,,,,,
1351814400,10.47,,,,,,
1351900800,10.64,,,,,,
1351987200,10.8,,,,,,
1352073600,10.75,,,,,,
1352160000,10.9,,,,,,
1352246400,10.92,,,,,,
1352332800,10.93,,,,,,
1352419200,10.82,,,,,,
1352505600,10.89,,,,,,
1352592000,10.87,,,,,,
1352678400,11.01,,,,,,
1352764800,10.95,,,,,,
1352851200,10.95,,,,,,
1352937600,11.2,,,,,,
1353024000,11.75,,,,,,
1353110400,11.79,,,,,,
1353196800,11.65,,,,,,
1353283200,11.8,,,,,,
1353369600,11.73,,,,,,
1353456000,11.77,,,,,,
1353542400,12.42,,,,,,
1353628800,12.35,,,,,,
1353715200,12.41,,,,,,
1353801600,12.48,,,,,,
1353888000,12.25,,,,,,
1353974400,12.2,,,,,,
1354060800,12.35,,,,,,
1354147200,12.45,,,,,,
1354233600,12.57,,,,,,
1354320000,12.56,,,,,,
1354406400,12.5,,,,,,
1354492800,12.68,,,,,,
1354579200,13.41,,,,,,
1354665600,13.38,,,,,,
1354752000,13.3,,,,,,
1354838400,13.5,,,,,,
1354924800,13.42,,,,,,
1355011200,13.39,,,,,,
1355097600,13.43,,,,,,
1355184000,13.56,,,,,,
1355270400,13.7,,,,,,
1355356800,13.7,,,,,,
1355443200,13.6,,,,,,
1355529600,13.49,,,,,,
1355616000,13.3,,,,,,
1355702400,13.25,,,,,,
1355788800,13.3,,,,,,
1355875200,13.6,,,,,,
1355961600,13.52,,,,,,
1356048000,13.5,,,,,,
1356134400,13.37,,,,,,
1356220800,13.31,,,,,,
1356307200,13.38,,,,,,
1356393600,13.35,,,,,,
1356480000,13.47,,,,,,
1356566400,13.42,,,,,,
1356652800,13.42,,,,,,
1356739200,13.4,,,,,,
1356825600,13.45,,,,,,
1356912000,13.51,,,,,,
1356998400,13.3,,,,,,
1357084800,13.28,,,,,,
1357171200,13.4,,,,,,
1357257600,13.5,,,,,,
1357344000,13.44,,,,,,
1357430400,13.45,,,,,,
1357516800,13.59,,,,,,
1357603200,13.74,,,,,,
1357689600,13.77,,,,,,
1357776000,14.14,,,,,,
1357862400,14.14,,,,,,
1357948800,14.24,,,,,,
1358035200,14.12,,,,,,
1358121600,14.3,,,,,,
1358208000,14.25,,,,,,
1358294400,14.73,,,,,,
1358380800,15.5,,,,,,
1358467200,15.7,,,,,,
1358553600,15.62,,,,,,
1358640000,15.7,,,,,,
1358726400,16.8,,,,,,
1358812800,17.26,,,,,,
1358899200,17.5,,,,,,
1358985600,16.9,,,,,,
1359072000,17.4,,,,,,
1359158400,17.88,,,,,,
1359244800,17.82,,,,,,
1359331200,18.72,,,,,,
1359417600,19.53,,,,,,
1359504000,19.7,,,,,,
1359590400,20.41,,,,,,
1359676800,20.5,,,,,,
1359763200,19.63,,,,,,
1359849600,20.59,,,,,,
1359936000,20.43,,,,,,
1360022400,20.6,,,,,,
1360108800,21.18,,,,,,
1360195200,22.15,,,,,,
1360281600,22.66,,,,,,
1360368000,23.65,,,,,,
1360454400,23.97,,,,,,
1360540800,24.65,,,,,,
1360627200,25.17,,,,,,
1360713600,24.2,,,,,,
1360800000,27.22,,,,,,
1360886400,27.1,,,,,,
1360972800,27.22,,,,,,
1361059200,26.81,,,,,,
1361145600,26.95,,,,,,
1361232000,29.42,,,,,,
1361318400,29.65,,,,,,
1361404800,29.75,,,,,,
1361491200,30.25,,,,,,
1361577600,29.8,,,,,,
1361664000,29.89,,,,,,
1361750400,30.4,,,,,,
1361836800,31.1,,,,,,
1361923200,30.9,,,,,,
1362009600,33.38,,,,,,
1362096000,34.5,,,,,,
1362182400,34.25,,,,,,
1362268800,34.5,,,,,,
1362355200,36.15,,,,,,
1362441600,40.33,,,,,,
1362528000,41.02,,,,,,
1362614400,42.0,,,,,,
1362700800,44.18,,,,,,
1362787200,46.85,,,,,,
1362873600,46.0,,,,,,
1362960000,48.4,,,,,,
1363046400,44.29,,,,,,
1363132800,46.92,,,,,,
1363219200,47.17,,,,,,
1363305600,46.95,,,,,,
1363392000,47.0,,,,,,
1363478400,47.4,,,,,,
1363564800,51.6,,,,,,
1363651200,59.14,,,,,,
1363737600,64.49,,,,,,
1363824000,70.85,,,,,,
1363910400,69.87,,,,,,
1363996800,64.35,,,,,,
1364083200,71.5,,,,,,
1364169600,73.6,,,,,,
1364256000,78.5,,,,,,
1364342400,88.92,,,,,,
1364428800,86.18,,,,,,
1364515200,90.5,,,,,,
1364601600,92.19,,,,,,
1364688000,93.03,,,,,,
1364774400,104.0,,,,,,
1364860800,117.98,,,,,,
1364947200,135.0,,,,,,
1365033600,132.12,,,,,,
1365120000,142.32,,,,,,
1365206400,142.63,,,,,,
1365292800,162.3,,,,,,
1365379200,187.5,,,,,,
1365465600,230.0,,,,,,
1365552000,165.0,,,,,,
1365638400,124.9,,,,,,
1365724800,117.0,,,,,,
1365811200,93.0,,,,,,
1365897600,90.0,,,,,,
1365984000,82.39,,,,,,
1366070400,68.36,,,,,,
1366156800,93.07,,,,,,
1366243200,109.01,,,,,,
1366329600,118.48,,,,,,
1366416000,126.62,,,,,,
1366502400,119.2,,,,,,
1366588800,127.4,,,,,,
1366675200,143.48,,,,,,
1366761600,154.2,,,,,,
1366848000,141.71,,,,,,
1366934400,136.9,,,,,,
1367020800,128.0,,,,,,
1367107200,134.44,,,,,,
1367193600,144.0,,,,,,
1367280000,139.23,,,,,,
1367366400,116.38,,,,,,
1367452800,106.25,,,,,,
1367539200,98.1,,,,,,
1367625600,112.9,,,,,,
1367712000,115.98,,,,,,
1367798400,112.25,,,,,,
1367884800,109.6,,,,,,
1367971200,113.2,,,,,,
1368057600,112.8,,,,,,
1368144000,117.7,,,,,,
1368230400,115.64,,,,,,
1368316800,114.82,,,,,,
1368403200,117.98,,,,,,
1368489600,111.4,,,,,,
1368576000,114.22,,,,,,
1368662400,118.21,,,,,,
1368748800,123.5,,,,,,
1368835200,123.21,,,,,,
1368921600,122.5,,,,,,
1369008000,122.02,,,,,,
1369094400,122.89,,,,,,
1369180800,123.8,,,,,,
1369267200,126.3,,,,,,
1369353600,133.1,,,,,,
1369440000,131.99,,,,,,
1369526400,133.5,,,,,,
1369612800,129.77,,,,,,
1369699200,129.0,,,,,,
1369785600,132.25,,,,,,
1369872000,128.8,,,,,,
1369958400,128.82,,,,,,
1370044800,129.3,,,,,,
1370131200,122.5,,,,,,
1370217600,120.74,,,,,,
1370304000,121.4,,,,,,
1370390400,121.9,,,,,,
1370476800,118.97,,,,,,
1370563200,111.0,,,,,,
1370649600,107.89,,,,,,
1370736000,100.44,,,,,,
1370822400,106.35,,,,,,
1370908800,109.0,,,,,,
1370995200,108.78,,,,,,
1371081600,103.95,,,,,,
1371168000,100.0,,,,,,
1371254400,99.8,,,,,,
1371340800,99.9,,,,,,
1371427200,101.95,,,,,,
1371513600,107.35,,,,,,
1371600000,108.25,,,,,,
1371686400,111.29,,,,,,
1371772800,109.5,,,,,,
1371859200,108.2,,,,,,
1371945600,107.9,,,,,,
1372032000,102.09,,,,,,
1372118400,103.33,,,,,,
1372204800,104.0,,,,,,
1372291200,101.74,,,,,,
1372377600,94.66,,,,,,
1372464000,95.0,,,,,,
1372550400,97.51,,,,,,
1372636800,88.05,,,,,,
1372723200,90.41,,,,,,
1372809600,78.89,,,,,,
1372896000,80.04,,,,,,
1372982400,68.5,,,,,,
1373068800,69.66,,,,,,
1373155200,76.5,,,,,,
1373241600,76.0,,,,,,
1373328000,76.7,,,,,,
1373414400,88.0,,,,,,
1373500800,88.98,,,,,,
1373587200,93.99,,,,,,
1373673600,98.32,,,,,,
1373760000,94.42,,,,,,
1373846400,98.89,,,,,,
1373932800,97.1,,,,,,
1374019200,98.5,,,,,,
1374105600,90.07,,,,,,
1374192000,92.0,,,,,,
1374278400,89.82,,,,,,
1374364800,92.0,,,,,,
1374451200,91.6,,,,,,
1374537600,95.56,,,,,,
1374624000,95.09,,,,,,
1374710400,96.95,,,,,,
1374796800,96.02,,,,,,
1374883200,94.4,,,,,,
1374969600,98.78,,,,,,
1375056000,101.48,,,,,,
1375142400,107.96,,,,,,
1375228800,106.21,,,,,,
1375315200,104.0,,,,,,
1375401600,104.5,,,,,,
1375488000,104.95,,,,,,
1375574400,105.12,,,,,,
1375660800,106.72,,,,,,
1375747200,106.56,,,,,,
1375833600,105.99,,,,,,
1375920000,103.05,,,,,,
1376006400,102.8,,,,,,
1376092800,103.0,,,,,,
1376179200,105.0,,,,,,
1376265600,106.81,,,,,,
1376352000,109.6,,,,,,
1376438400,112.56,,,,,,
1376524800,109.99,,,,,,
1376611200,108.99,,,,,,
1376697600,112.75,,,,,,
1376784000,113.38,,,,,,
1376870400,118.5,,,,,,
1376956800,121.2,,,,,,
1377043200,123.3,,,,,,
1377129600,122.0,,,,,,
1377216000,118.51,,,,,,
1377302400,119.6,,,,,,
1377388800,122.11,,,,,,
1377475200,120.07,,,,,,
1377561600,131.29,,,,,,
1377648000,128.76,,,,,,
1377734400,129.3,,,,,,
1377820800,138.03,,,,,,
1377907200,141.0,,,,,,
1377993600,146.01,,,,,,
1378080000,144.0,,,,,,
1378166400,144.0,,,,,,
1378252800,132.51,,,,,,
1378339200,130.2,,,,,,
1378425600,121.9,,,,,,
1378512000,128.99,,,,,,
1378598400,126.32,,,,,,
1378684800,133.1,,,,,,
1378771200,132.62,,,,,,
1378857600,142.1,,,,,,
1378944000,139.35,,,,,,
1379030400,140.66,,,,,,
1379116800,136.71,,,,,,
1379203200,138.3,,,,,,
1379289600,139.42,,,,,,
1379376000,139.15,,,,,,
1379462400,140.41,,,,,,
1379548800,135.05,,,,,,
1379635200,133.81,,,,,,
1379721600,134.38,,,,,,
1379808000,134.0,,,,,,
1379894400,133.4,,,,,,
1379980800,134.78,,,,,,
1380067200,135.0,,,,,,
1380153600,137.1,,,,,,
1380240000,138.93,,,,,,
1380326400,142.5,,,,,,
1380412800,143.88,,,,,,
1380499200,141.9,,,,,,
1380585600,140.3,,,,,,
1380672000,123.0,,,,,,
1380758400,130.99,,,,,,
1380844800,136.82,,,,,,
1380931200,136.7,,,,,,
1381017600,137.8,,,,,,
1381104000,135.8,,,,,,
1381190400,136.49,,,,,,
1381276800,139.5,,,,,,
1381363200,140.41,,,,,,
1381449600,140.1,,,,,,
1381536000,142.89,,,,,,
1381622400,147.53,,,,,,
1381708800,151.37,,,,,,
1381795200,158.09,,,,,,
1381881600,152.82,,,,,,
1381968000,157.59,,,,,,
1382054400,168.28,,,,,,
1382140800,183.15,,,,,,
1382227200,186.1,,,,,,
1382313600,192.78,,,,,,
1382400000,202.99,,,,,,
1382486400,227.97,,,,,,
1382572800,206.98,,,3.0,,,
1382659200,197.88,,,3.0,,,
1382745600,188.56,,,3.0,,,
1382832000,206.91,,,3.0,,,
1382918400,206.9,,,3.0,,,
1383004800,216.0,,,3.0,,,
1383091200,208.0,,,3.0,,,
1383177600,211.17,,,3.0,,,
1383264000,213.43,,,3.0,,,
1383350400,211.69,,,3.0,,,
1383436800,224.0,,,3.0,,,
1383523200,238.16,,,3.0,,,
1383609600,251.3,,,3.0,,,
1383696000,264.1,,,3.0,,,
1383782400,309.65,,,3.2,,,
1383868800,355.0,,,3.2,,,
1383955200,367.79,,,3.2,,,
1384041600,336.32,,,3.2,,,
1384128000,362.98,,,3.2,,,
1384214400,380.04,,,3.2,,,
1384300800,434.85,,,5.0,,,
1384387200,433.4,,,3.0,,,
1384473600,433.92,,,5.0,,,
1384560000,461.96,,,4.25,,,
1384646400,528.3,,,4.25,,,
1384732800,785.43,,,5.0,,,
1384819200,645.69,,,9.0,,,
1384905600,637.97,,,9.0,,,
1384992000,764.91,,,9.0,,,
1385078400,802.0,,,10.0,,,
1385164800,832.5,,,12.8,,,
1385251200,795.01,,,10.0,,,
1385337600,829.99,,,12.0,,,
1385424000,969.96,,,20.5,,,
1385510400,1079.89,,,35.99,,,
1385596800,1101.38,,,46.1,,,
1385683200,1206.93,,,41.0,,,
1385769600,1205.66,,,41.0,,,
1385856000,1004.39,,,35.3,,,
1385942400,1096.56,,,33.51,,,
1386028800,1154.86,,,33.0,,,
1386115200,1237.55,,,32.2,,,
1386201600,1106.35,,,38.0,,,
1386288000,845.02,,,32.0,,,
1386374400,697.02,,,22.78,,,
1386460800,803.96,,,27.93,,,
1386547200,918.95,,,31.98,,,
1386633600,1033.72,,,35.26,,,
1386720000,919.93,,,31.57,,,
1386806400,899.98,,,31.0,,,
1386892800,936.77,,,30.59,,,
1386979200,908.94,,,30.01,,,
1387065600,919.88,,,30.92,,,
1387152000,759.92,,,25.77,,,
1387238400,714.97,,,23.74,,,
1387324800,540.98,,,13.0,,,
1387411200,731.95,,,19.8,,,
1387497600,649.96,,,18.85,,,
1387584000,640.48,,,17.13,,,
1387670400,639.49,,,18.0,,,
1387756800,713.24,,,17.2,,,
1387843200,702.75,,,18.0,,,
1387929600,707.25,,,22.06,,,
1388016000,801.98,,,24.97,,,
1388102400,803.05,,,22.06,,,
1388188800,761.99,,,22.33,,,
1388275200,784.96,,,24.51,,,
1388361600,804.83,,,24.96,,,
1388448000,805.94,,,23.55,,,
1388534400,815.94,,,24.77,,,
1388620800,856.91,,,26.6,,,
1388707200,884.26,,,25.49,,,
1388793600,924.69,,,24.05,,,
1388880000,1014.74,,,26.01,,,
1388966400,1012.65,,,28.7,,,
1389052800,879.9,,,23.0,,,
1389139200,938.84,,,24.9,,,
1389225600,936.95,,,24.5,,,
1389312000,957.76,,,24.06,,,
1389398400,1005.32,,,26.35,,,
1389484800,939.79,,,25.39,,,
1389571200,922.91,,,25.01,,,
1389657600,919.28,,,24.52,,,
1389744000,941.22,,,24.52,,,
1389830400,913.49,,,24.01,,,
1389916800,894.16,,,24.0,,,
1390003200,905.72,,,24.94,,,
1390089600,954.8,,,24.9,,,
1390176000,955.95,,,24.28,,,
1390262400,962.21,,,25.49,,,
1390348800,950.95,,,23.0,,,
1390435200,944.16,,,22.3,,,
1390521600,916.55,,,21.05,,,
1390608000,961.05,,,22.26,,,
1390694400,1007.0,,,22.34,,,
1390780800,943.54,,,20.78,,,
1390867200,932.68,,,22.88,,,
1390953600,925.67,,,21.7,,,
1391040000,941.39,,,20.72,,,
1391126400,938.85,,,21.59,,,
1391212800,940.42,,,21.46,,,
1391299200,953.31,,,21.87,,,
1391385600,931.71,,,21.41,,,
1391472000,926.64,,,21.07,,,
1391558400,904.52,,,21.2,,,
1391644800,828.87,,,19.8,,,
1391731200,695.65,,,18.89,,,
1391817600,648.78,,,17.5,,,
1391904000,659.57,,,18.7,,,
1391990400,582.63,,,17.9,,,
1392076800,578.96,,,16.3,,,
1392163200,531.13,,,19.49,,,
1392249600,451.44,,,16.42,,,
1392336000,427.68,,,16.76,,,
1392422400,371.07,,,16.28,,,
1392508800,299.8,,,15.23,,,
1392595200,272.28,,,15.76,,,
1392681600,293.95,,,17.28,,,
1392768000,261.53,,,15.83,,,
1392854400,111.92,,,15.95,,,
1392940800,111.56,,,14.89,,,
1393027200,255.59,,,13.32,,,
1393113600,310.17,,,15.0,,,
1393200000,174.0,,,15.22,,,
1393286400,135.78,,,14.42,,,
1393372800,593.14,,,15.85,,,
1393459200,596.49,,,14.84,,,
1393545600,573.94,,,15.05,,,
1393632000,557.39,,,13.54,,,
1393718400,544.56,,,12.86,,,
1393804800,662.18,,,14.24,,,
1393891200,661.85,,,17.11,,,
1393977600,658.3,,,17.34,,,
1394064000,648.26,,,16.82,,,
1394150400,616.73,,,16.89,,,
1394236800,609.21,,,15.56,,,
1394323200,627.05,,,16.16,,,
1394409600,612.97,,,16.21,,,
1394496000,608.69,,,16.22,,,
1394582400,619.43,,,17.75,,,
1394668800,625.04,,,17.78,,,
1394755200,614.03,,,17.0,,,
1394841600,624.03,,,17.16,,,
1394928000,619.14,,,17.18,,,
1395014400,606.38,,,17.89,,,
1395100800,598.93,,,20.0,,,
1395187200,594.96,,,18.1,,,
1395273600,565.99,,,16.89,,,
1395360000,549.6,,,16.21,,,
1395446400,564.34,,,15.49,,,
1395532800,551.16,,,15.49,,,
1395619200,567.56,,,16.12,,,
1395705600,562.89,,,16.72,,,
1395792000,562.45,,,16.96,,,
1395878400,460.45,,,13.94,,,
1395964800,482.61,,,14.0,,,
1396051200,477.11,,,14.3,,,
1396137600,446.92,,,12.75,,,
1396224000,444.66,,,12.74,,,
1396310400,463.45,,,13.41,,,
1396396800,424.37,,,11.94,,,
1396483200,436.31,,,11.5,,,
1396569600,444.36,,,11.66,,,
1396656000,456.63,,,11.2,,,
1396742400,455.69,,,11.39,,,
1396828800,462.38,,,11.95,,,
1396915200,466.56,,,12.0,,,
1397001600,457.34,,,11.87,,,
1397088000,384.63,,,9.13,,,
1397174400,435.14,,,11.0,,,
1397260800,437.65,,,11.32,,,
1397347200,427.6,,,10.35,,,
1397433600,478.38,,,11.99,,,
1397520000,526.43,,,12.94,,,
1397606400,536.95,,,13.38,,,
1397692800,502.0,,,13.15,,,
1397779200,485.52,,,12.57,,,
1397865600,506.02,,,12.77,,,
1397952000,498.51,,,12.73,,,
1398038400,495.16,,,12.73,,,
1398124800,487.91,,,5.0,,,
1398211200,487.3,,,12.18,,,
1398297600,500.29,,,12.88,,,
1398384000,464.49,,,11.14,,,
1398470400,457.87,,,10.8,,,
1398556800,443.18,,,10.31,,,
1398643200,441.92,,,10.4,,,
1398729600,446.12,,,10.56,,,
1398816000,445.63,,,11.11,,,
1398902400,460.13,,,11.3,,,
1398988800,453.67,,,10.78,,,
1399075200,438.65,,,10.39,,,
1399161600,436.05,,,10.5,,,
1399248000,430.87,,,10.29,,,
1399334400,432.19,,,10.56,,,
1399420800,446.55,,,10.7,,,
1399507200,441.11,,,10.77,,,
1399593600,445.45,,,9.89,,,
1399680000,451.9,,,10.8,,,
1399766400,433.23,,,10.34,,,
1399852800,438.21,,,10.46,,,
1399939200,433.92,,,10.36,,,
1400025600,442.63,,,10.4,,,
1400112000,448.1,,,10.35,,,
1400198400,453.63,,,10.65,,,
1400284800,452.79,,,10.15,,,
1400371200,450.14,,,10.15,,,
1400457600,443.9,,,10.31,,,
1400544000,484.57,,,10.86,,,
1400630400,488.84,,,10.75,,,
1400716800,515.36,,,10.88,,,
1400803200,518.09,,,11.27,,,
1400889600,520.46,,,10.75,,,
1400976000,570.44,,,11.8,,,
1401062400,582.01,,,12.04,,,
1401148800,570.1,,,12.0,,,
1401235200,570.84,,,10.92,,,
1401321600,564.42,,,11.28,,,
1401408000,612.35,,,11.23,,,
1401494400,627.91,,,11.08,,,
1401580800,649.79,,,11.12,,,
1401667200,655.49,,,11.51,,,
1401753600,669.43,,,11.17,,,
1401840000,638.93,,,11.14,,,
1401926400,660.18,,,11.36,,,
1402012800,650.41,,,11.46,,,
1402099200,651.67,,,11.16,,,
1402185600,651.05,,,11.44,,,
1402272000,644.35,,,11.08,,,
1402358400,655.62,,,11.19,,,
1402444800,642.95,,,11.08,,,
1402531200,597.13,,,10.03,,,
1402617600,610.35,,,10.12,,,
1402704000,583.42,,,9.89,,,
1402790400,582.29,,,9.51,,,
1402876800,599.08,,,9.84,,,
1402963200,605.09,,,9.5,,,
1403049600,606.21,,,9.76,,,
1403136000,600.17,,,9.89,,,
1403222400,590.75,,,10.0,,,
1403308800,597.04,,,9.54,,,
1403395200,603.62,,,10.0,,,
1403481600,591.17,,,9.5,,,
1403568000,588.77,,,9.5,,,
1403654400,568.45,,,9.29,,,
1403740800,582.7,,,9.5,,,
1403827200,602.23,,,9.62,,,
1403913600,597.56,,,9.61,,,
1404000000,601.06,,,9.61,,,
1404086400,635.14,,,9.12,,,
1404172800,643.19,,,9.01,,,
1404259200,645.72,,,8.82,,,
1404345600,638.03,,,8.8,,,
1404432000,623.96,,,8.0,,,
1404518400,622.96,,,8.0,,,
1404604800,626.65,,,7.02,,,
1404691200,613.6,,,7.37,,,
1404777600,615.32,,,7.37,,,
1404864000,623.0,,,8.19,,,
1404950400,618.39,,,8.19,,,
1405036800,632.9,,,7.69,,,
1405123200,635.9,,,7.85,,,
1405209600,628.03,,,8.8,,,
1405296000,618.32,,,8.84,,,
1405382400,619.6,,,8.84,,,
1405468800,614.8,,,8.53,,,
1405555200,626.58,,,8.31,,,
1405641600,627.47,,,8.6,,,
1405728000,627.04,,,8.93,,,
1405814400,620.98,,,10.75,,,
1405900800,625.13,,,10.75,,,
1405987200,622.53,,,8.41,,,
1406073600,621.69,,,8.41,,,
1406160000,601.87,,,8.25,,,
1406246400,600.5,,,7.56,,,
1406332800,596.0,,,7.61,,,
1406419200,595.03,,,7.81,,,
1406505600,587.93,,,7.62,,,
1406592000,585.77,,,7.68,,,
1406678400,564.64,,,7.29,,,
1406764800,589.52,,,7.61,,,
1406851200,598.78,,,7.71,,,
1406937600,591.72,,,7.65,,,
1407024000,588.94,,,7.58,,,
1407110400,592.77,,,7.41,,,
1407196800,588.76,,,7.23,,,
1407283200,589.77,,,7.21,,,
1407369600,592.8,,,7.16,,,
1407456000,595.85,,,7.11,,,
1407542400,589.52,,,7.01,,,
1407628800,592.06,,,6.95,,,
1407715200,575.89,,,6.01,,,
1407801600,567.66,,,5.59,,,
1407888000,542.1,,,5.06,,,
1407974400,504.8,,,5.03,,,
1408060800,496.45,,,5.04,,,
1408147200,522.01,,,5.1,,,
1408233600,485.5,,,4.34,,,
1408320000,462.18,,,3.79,,,
1408406400,485.12,,,4.56,,,
1408492800,516.78,,,5.5,,,
1408579200,517.94,,,5.78,,,
1408665600,516.1,,,5.33,,,
1408752000,497.68,,,4.79,,,
1408838400,509.71,,,5.43,,,
1408924800,502.93,,,5.18,,,
1409011200,512.56,,,5.52,,,
1409097600,515.23,,,5.41,,,
1409184000,510.75,,,5.29,,,
1409270400,512.56,,,5.38,,,
1409356800,505.96,,,5.24,,,
1409443200,481.78,,,4.92,,,
1409529600,477.19,,,4.72,,,
1409616000,478.94,,,4.82,,,
1409702400,480.04,,,4.86,,,
1409788800,490.99,,,5.21,,,
1409875200,483.65,,,4.99,,,
1409961600,484.47,,,5.01,,,
1410048000,485.75,,,5.17,,,
1410134400,475.69,,,5.07,,,
1410220800,474.9,,,5.04,,,
1410307200,479.7,,,5.32,,,
1410393600,478.49,,,5.31,,,
1410480000,477.73,,,5.41,,,
1410566400,478.17,,,5.44,,,
1410652800,477.74,,,5.43,,,
1410739200,477.71,,,5.2,,,
1410825600,466.75,,,5.07,,,
1410912000,461.09,,,5.06,,,
1410998400,424.26,,,4.72,,,
1411084800,397.67,,,4.37,,,
1411171200,411.53,,,4.28,,,
1411257600,401.62,,,4.26,,,
1411344000,404.09,,,4.29,,,
1411430400,436.86,,,4.81,,,
1411516800,423.77,,,4.69,,,
1411603200,412.29,,,4.54,,,
1411689600,404.46,,,4.45,,,
1411776000,399.02,,,4.42,,,
1411862400,379.08,,,4.23,,,
1411948800,376.77,,,4.24,,,
1412035200,388.17,,,4.48,,,
1412121600,382.84,,,4.45,,,
1412208000,375.14,,,4.31,,,
1412294400,363.45,,,4.26,,,
1412380800,335.32,,,3.98,,,
1412467200,322.86,,,3.7,,,
1412553600,331.55,,,3.83,,,
1412640000,331.65,,,3.84,,,
1412726400,350.87,,,3.9,,,
1412812800,360.91,,,3.87,,,
1412899200,361.71,,,3.81,,,
1412985600,361.22,,,3.78,,,
1413072000,373.17,,,3.82,,,
1413158400,387.32,,,3.86,,,
1413244800,397.1,,,4.07,,,
1413331200,393.17,,,4.05,,,
1413417600,379.77,,,4.0,,,
1413504000,380.48,,,4.0,,,
1413590400,390.88,,,4.06,,,
1413676800,387.28,,,3.99,,,
1413763200,380.39,,,3.92,,,
1413849600,382.35,,,3.94,,,
1413936000,378.93,,,3.84,,,
1414022400,355.78,,,3.74,,,
1414108800,355.1,,,3.73,,,
1414195200,346.72,,,3.67,,,
1414281600,348.67,,,3.71,,,
1414368000,350.09,,,3.8,,,
1414454400,351.06,,,3.83,,,
1414540800,335.12,,,3.73,,,
1414627200,344.86,,,3.79,,,
1414713600,337.87,,,3.76,,,
1414800000,325.43,,,3.58,,,
1414886400,322.55,,,3.59,,,
1414972800,324.24,,,3.57,,,
1415059200,327.96,,,3.59,,,
1415145600,338.01,,,3.63,,,
1415232000,347.67,,,3.64,,,
1415318400,341.87,,,3.55,,,
1415404800,343.54,,,3.55,,,
1415491200,362.04,,,3.62,,,
1415577600,367.15,,,3.68,,,
1415664000,365.42,,,3.65,,,
1415750400,432.03,,,4.11,,,
1415836800,428.72,,,4.14,,,
1415923200,396.53,,,3.98,,,
1416009600,374.86,,,3.86,,,
1416096000,385.61,,,3.87,,,
1416182400,384.69,,,3.86,,,
1416268800,379.16,,,3.79,,,
1416355200,381.43,,,3.81,,,
1416441600,357.3,,,3.6,,,
1416528000,351.77,,,3.5,,,
1416614400,352.01,,,3.51,,,
1416700800,365.85,,,3.58,,,
1416787200,378.85,,,3.63,,,
1416873600,376.43,,,3.58,,,
1416960000,365.35,,,3.56,,,
1417046400,368.83,,,3.56,,,
1417132800,377.59,,,3.6,,,
1417219200,376.28,,,3.59,,,
1417305600,374.93,,,3.57,,,
1417392000,378.61,,,3.58,,,
1417478400,380.64,,,3.62,,,
1417564800,376.96,,,3.62,,,
1417651200,369.84,,,3.6,,,
1417737600,377.63,,,3.62,,,
1417824000,376.26,,,3.62,,,
1417910400,376.47,,,3.72,,,
1417996800,364.95,,,3.68,,,
1418083200,352.19,,,3.53,,,
1418169600,347.94,,,3.5,,,
1418256000,347.68,,,3.48,,,
1418342400,353.4,,,3.49,,,
1418428800,348.24,,,3.48,,,
1418515200,349.35,,,3.48,,,
1418601600,345.37,,,3.45,,,
1418688000,330.22,,,3.04,,,
1418774400,320.02,,,2.94,,,
1418860800,310.34,,,2.79,,,
1418947200,317.78,,,2.85,,,
1419033600,330.35,,,2.92,,,
1419120000,322.63,,,2.85,,,
1419206400,330.84,,,2.87,,,
1419292800,335.25,,,2.88,,,
1419379200,322.4,,,2.74,,,
1419465600,318.99,,,2.68,,,
1419552000,329.98,,,2.78,,,
1419638400,315.34,,,2.7,,,
1419724800,316.53,,,2.72,,,
1419811200,314.12,,,2.69,,,
1419897600,311.27,,,2.69,,,
1419984000,318.24,,,2.71,,,
1420070400,314.89,,,2.69,,,
1420156800,315.21,,,2.66,,,
1420243200,287.13,,,2.18,,,
1420329600,264.72,,,1.95,,,
1420416000,274.84,,,2.11,,,
1420502400,282.27,,,2.1,,,
1420588800,291.34,,,2.11,,,
1420675200,282.69,,,2.0,,,
1420761600,287.97,,,1.98,,,
1420848000,273.35,,,1.63,,,
1420934400,264.77,,,1.66,,,
1421020800,269.33,,,1.73,,,
1421107200,221.29,,,1.54,,,
1421193600,164.92,,,1.12,,,
1421280000,209.78,,,1.29,,,
1421366400,206.92,,,1.4,,,
1421452800,199.65,,,1.28,,,
1421539200,210.62,,,1.32,,,
1421625600,215.87,,,1.33,,,
1421712000,210.55,,,1.31,,,
1421798400,228.17,,,1.36,,0.01523,
1421884800,232.7,,,1.41,,0.01602,
1421971200,232.17,,,1.43,,0.016,
1422057600,248.16,,,1.86,,0.01739,
1422144000,252.09,,,2.22,,0.017,
1422230400,269.18,,,2.06,,0.01469,
1422316800,263.27,,,2.08,,0.0155,
1422403200,236.17,,,1.93,,0.015,
1422489600,233.99,,,1.89,0.3107,0.0135,
1422576000,231.84,,,1.92,0.3027,0.015,
1422662400,218.51,,,1.88,0.2896,0.01499,
1422748800,225.29,,,1.84,0.2896,0.013519999999999999,
1422835200,238.86,,,1.78,0.3029,0.013269999999999999,
1422921600,227.41,,,1.83,0.3311,0.0148,
1423008000,226.58,,,1.8,0.2922,0.013999999999999999,
1423094400,216.52,,,1.74,0.2755,0.01573,
1423180800,222.96,,,1.79,0.2747,0.0155,
1423267200,227.68,,,1.8,0.2747,0.01468,
1423353600,223.67,,,1.78,0.2747,0.014280000000000001,
1423440000,220.34,,,1.73,0.2747,0.0135,
1423526400,219.67,,,1.76,0.2747,0.01464,
1423612800,218.83,,,1.73,0.2747,0.01462,
1423699200,221.79,,,1.75,0.2747,0.0143,
1423785600,236.17,,,1.82,0.2747,0.01445,
1423872000,258.64,,,1.96,0.2747,0.012,
1423958400,233.27,,,1.83,0.2747,0.012,
1424044800,235.83,,,1.8,0.2747,0.015080000000000001,
1424131200,243.2,,,1.85,0.099,0.013009999999999999,
1424217600,235.2,,,1.81,0.099,0.01499,
1424304000,241.92,,,1.85,0.26,0.013069999999999998,
1424390400,244.52,,,1.84,0.25,0.013069999999999998,
1424476800,244.41,,,1.84,0.25,0.013069999999999998,
1424563200,235.73,,,1.79,0.295,0.013069999999999998,
1424649600,238.82,,,1.81,0.35,0.01403,
1424736000,238.89,,,1.82,0.25,0.013430000000000001,
1424822400,237.33,,,1.8,0.25,0.013999999999999999,
1424908800,236.53,,,1.81,0.25,0.013000000000000001,
1424995200,253.47,,,1.84,0.25,0.01206,
1425081600,254.06,,,1.84,0.35,0.01178,
1425168000,257.94,,,1.87,0.35,0.011009999999999999,
1425254400,273.75,,,1.92,0.5399,0.006611,
1425340800,280.65,,,1.94,0.49700000000000005,0.008505,
1425427200,271.92,,,1.93,0.49700000000000005,0.012,
1425513600,275.23,,,1.91,0.26,0.012,
1425600000,272.56,,,1.89,0.49700000000000005,0.0104,
1425686400,274.91,,,1.91,0.49700000000000005,0.0103,
1425772800,274.49,,,1.89,0.49700000000000005,0.009777,
1425859200,290.02,,,1.94,0.25,0.009806,
1425945600,291.37,,,2.01,0.5399,0.009536,
1426032000,295.6,,,2.02,0.2611,0.0077,
1426118400,293.85,,,2.04,0.2611,0.01082,
1426204800,287.21,,,2.01,0.8,0.010709999999999999,
1426291200,281.6,,,1.99,0.7998,0.01112,
1426377600,284.88,,,2.01,0.7998,0.0106,
1426464000,290.41,,,2.03,0.4,0.01054,
1426550400,285.38,,,1.99,0.4,0.01053,
1426636800,255.92,,,1.74,0.4,0.01024,
1426723200,260.93,,,1.75,0.4,0.01093,
1426809600,261.78,,,1.76,0.4,0.007515000000000001,
1426896000,259.71,,,1.74,1.0,0.01011,
1426982400,268.57,,,1.79,0.2611,0.01004,
1427068800,265.46,,,1.77,0.2611,0.009728,
1427155200,246.72,,,1.64,0.278,0.009942,
1427241600,246.37,,,1.66,0.878,0.0092,
1427328000,248.02,,,1.69,0.278,0.0085,
1427414400,247.21,,,1.68,0.278,0.00875,
1427500800,252.02,,,1.7,0.878,0.00895,
1427587200,242.08,,,1.65,0.278,0.00835,
1427673600,246.79,,,1.67,0.85,0.008199,
1427760000,244.15,,,1.65,0.31,0.007737999999999999,
1427846400,246.24,,,1.66,0.33,0.0079,
1427932800,252.6,,,1.68,0.33,0.00785,
1428019200,254.48,,,1.69,0.33,0.008925,
1428105600,252.89,,,1.67,0.4,0.009368000000000001,
1428192000,259.64,,,1.67,0.34,0.008839,
1428278400,254.97,,,1.64,0.34,0.008783,
1428364800,252.97,,,1.67,0.34,0.0091,
1428451200,244.57,,,1.62,0.34,0.009179999999999999,
1428537600,243.32,,,1.58,1.0,0.009195,
1428624000,234.73,,,1.52,0.7955,0.009179999999999999,
1428710400,236.48,,,1.45,0.78,0.008,
1428796800,235.85,,,1.46,0.92,0.008,
1428883200,223.59,,,1.36,0.75,0.008270999999999999,
1428969600,217.99,,,1.38,0.5,0.008270999999999999,
1429056000,222.97,,,1.38,0.65,0.008270999999999999,
1429142400,227.98,,,1.41,0.72,0.008270999999999999,
1429228800,222.59,,,1.4,0.72,0.008270999999999999,
1429315200,223.35,,,1.39,0.34,0.008270999999999999,
1429401600,223.02,,,1.38,0.34,0.008270999999999999,
1429488000,224.24,,,1.39,0.34,0.003565,
1429574400,233.73,,,1.42,0.34,0.003565,
1429660800,233.78,,,1.46,0.7,0.004,
1429747200,235.4,,,1.45,0.7190000000000001,0.008274,
1429833600,231.09,,,1.42,0.34,0.008020000000000001,
1429920000,226.14,,,1.39,0.34,0.008020999999999999,
1430006400,218.7,,,1.32,0.34,0.007781000000000001,
1430092800,228.96,,,1.38,0.59,0.008055,
1430179200,225.81,,,1.36,0.59,0.007698999999999999,
1430265600,225.42,,,1.36,0.34,0.007634999999999999,
1430352000,235.77,,,1.43,0.34,0.0085,
1430438400,233.21,,,1.41,0.34,0.008499,
1430524800,235.34,,,1.41,0.34,0.008440999999999999,
1430611200,239.99,,,1.43,0.34,0.007803,
1430697600,238.97,,,1.41,0.34,0.008165,
1430784000,235.82,,,1.4,0.34,0.0078,
1430870400,230.03,,,1.39,0.34,0.00772,
1430956800,237.73,,,1.46,0.34,0.0077989999999999995,
1431043200,243.74,,,1.47,0.521,0.006659999999999999,
1431129600,241.4,,,1.44,0.521,0.0078,
1431216000,239.96,,,1.43,0.45,0.006659999999999999,
1431302400,241.81,,,1.44,0.4,0.006659999999999999,
1431388800,241.58,,,1.44,0.5731,0.007499,
1431475200,236.38,,,1.44,0.5731,0.006659999999999999,
1431561600,236.9,,,1.44,0.41,0.007478,
1431648000,237.2,,,1.45,0.4975,0.006484,
1431734400,236.23,,,1.45,0.6368,0.0064849999999999994,
1431820800,236.3,,,1.45,0.5669,0.006481000000000001,
1431907200,232.64,,,1.44,0.4975,0.006116,
1431993600,232.02,,,1.45,0.51,0.0046,
1432080000,233.96,,,1.45,0.306,0.005006,
1432166400,235.38,,,1.47,0.5,0.005002,
1432252800,240.37,,,1.83,0.2796,0.005002,
1432339200,238.94,,,1.78,0.35,0.007095999999999999,
1432425600,240.98,,,1.81,0.5,0.0050030000000000005,
1432512000,237.41,,,1.8,0.5,0.00747,
1432598400,237.84,,,1.81,0.4,0.007238,
1432684800,237.29,,,1.84,0.4,0.014980000000000002,
1432771200,237.32,,,1.83,0.4,0.005526,
1432857600,237.03,,,1.82,0.4,0.014119999999999999,
1432944000,233.22,,,1.8,0.49,0.0081,
1433030400,229.84,,,1.63,0.489,0.009000000000000001,
1433116800,223.14,,,1.61,0.4,0.0056,
1433203200,225.74,,,1.66,0.4,0.00857,
1433289600,225.59,,,1.67,0.49,0.005606,
1433376000,224.22,,,1.66,0.4,0.008919,
1433462400,225.29,,,1.74,0.5,0.008919,
1433548800,224.74,,,1.75,0.43,0.008919,
1433635200,223.47,,,1.73,0.57,0.008919,
1433721600,228.57,,,1.78,0.57,0.008917,
1433808000,229.56,,,1.8,0.47,0.008068,
1433894400,228.79,,,1.75,0.45,0.008068,
1433980800,229.88,,,1.79,0.639,0.008068,
1434067200,230.46,,,1.8,0.35,0.008,
1434153600,232.48,,,1.85,0.44,0.0079,
1434240000,233.75,,,1.99,0.3,0.008,
1434326400,237.0,,,2.01,0.39,0.0084,
1434412800,249.82,,,2.83,0.39,0.014969999999999999,
1434499200,247.38,,,2.85,0.53,0.0098,
1434585600,248.44,,,3.09,0.39,0.014969999999999999,
1434672000,244.13,,,2.81,0.39,0.01139,
1434758400,244.98,,,3.04,0.45,0.0141,
1434844800,244.1,,,3.01,0.5829,0.01,
1434931200,247.46,,,3.02,0.45,0.01025,
1435017600,243.76,,,2.96,0.45,0.01025,
1435104000,240.56,,,2.8,0.5003,0.0115,
1435190400,242.56,,,2.84,0.5003,0.0115,
1435276800,242.95,,,2.86,0.5003,0.0122,
1435363200,250.73,,,3.08,0.5254,0.011000000000000001,
1435449600,248.88,,,3.04,0.45,0.0118,
1435536000,256.97,,,3.76,0.45,0.01146,
1435622400,264.12,,,4.1,0.44,0.011000000000000001,
1435708800,257.62,,,3.96,0.45,0.01135,
1435795200,254.88,,,4.07,0.45,0.01135,
1435881600,255.4,,,4.09,0.45,0.011000000000000001,
1435968000,260.55,,,4.1,0.518,0.0109,
1436054400,270.14,,,4.77,0.45,0.00885,
1436140800,269.08,,,5.32,0.45,0.01025,
1436227200,266.21,,,5.33,0.503,0.0092,
1436313600,268.64,,,6.09,0.45,0.0097,
1436400000,269.14,,,7.6,0.45,0.0084,
1436486400,283.62,,,4.26,0.45,0.008976999999999999,
1436572800,291.97,,,4.28,0.5395,0.00825,
1436659200,310.44,,,5.18,0.6304,0.008251,
1436745600,290.35,,,4.54,0.6304,0.0081,
1436832000,286.96,,,4.54,0.52,0.0088,
1436918400,283.42,,,4.11,0.52,0.0088,
1437004800,276.59,,,3.6,0.46,0.0079,
1437091200,279.62,,,3.74,0.46,0.0079,
1437177600,274.05,,,3.88,0.46,0.008,
1437264000,273.18,,,3.6,0.59,0.0079,
1437350400,277.68,,,3.87,0.59,0.008444,
1437436800,275.09,,,3.7,0.46,0.008438,
1437523200,276.46,,,3.78,0.46,0.0082,
1437609600,275.52,,,3.75,0.598,0.0076,
1437696000,288.37,,,4.6,0.598,0.0075,
1437782400,288.74,,,4.59,0.461,0.0077,
1437868800,291.77,,,4.57,0.461,0.0083,
1437955200,293.01,,,4.59,0.461,0.0079,
1438041600,293.7,,,4.98,0.63,0.00875,
1438128000,288.37,,,4.73,0.55,0.00875,
1438214400,287.02,,,4.53,0.63,0.0087,
1438300800,283.73,,,4.56,0.461,0.0086,
1438387200,280.47,,,4.19,0.63,0.008409999999999999,
1438473600,281.36,,,4.14,0.63,0.0085,
1438560000,281.58,,,4.19,0.461,0.0085,
1438646400,284.3,,,4.34,0.461,0.0082,
1438732800,281.72,,,4.3,0.461,0.0086,
1438819200,278.0,,,4.01,0.64,0.00801,
1438905600,277.89,3.0,,4.1,0.75,0.008013,
1438992000,258.6,1.2,,3.77,0.75,0.009000000000000001,
1439078400,263.87,1.2,,3.87,0.75,0.0087,
1439164800,263.3,1.2,,3.88,0.4969,0.009179999999999999,
1439251200,269.03,0.99,,4.08,0.4969,0.0085,
1439337600,267.66,1.29,,3.98,0.4969,0.00801,
1439424000,263.44,1.88,,3.85,0.4969,0.0085,
1439510400,265.03,1.79,,3.99,0.6969,0.00801,
1439596800,260.52,1.79,,3.9,0.4969,0.00801,
1439683200,257.12,1.37,,3.95,0.7390000000000001,0.008999,
1439769600,257.13,1.3,,3.97,0.4969,0.0085,
1439856000,246.72,1.36,,3.82,0.4969,0.00875,
1439942400,226.0,1.24,,3.4,0.5157,0.007778,
1440028800,234.66,1.52,,3.57,0.406,0.00875,
1440115200,232.4,1.44,,3.54,0.4496,0.007969,
1440201600,229.54,1.4,,3.48,0.6428,0.00801,
1440288000,226.75,1.35,,3.35,0.47700000000000004,0.006999999999999999,
1440374400,211.43,1.24,,2.92,0.615,0.008,
1440460800,220.51,1.27,,2.93,0.4227,0.0067,
1440547200,224.97,1.18,,2.92,0.4201,0.00875,
1440633600,222.73,1.14,,2.8,0.4213,0.00875,
1440720000,231.64,1.3,,2.86,0.4213,0.005508,
1440806400,228.5,1.18,,2.85,0.4901,0.00873,
1440892800,228.4,1.32,,2.79,0.45,0.00873,
1440979200,229.47,1.31,,2.82,0.4901,0.006901000000000001,
1441065600,227.18,1.36,,2.79,0.4901,0.009536,
1441152000,228.63,1.14,,2.78,0.4901,0.008711,
1441238400,226.2,1.23,,2.59,0.75,0.009536,
1441324800,230.25,1.35,,2.67,0.45,0.009536,
1441411200,233.67,1.37,,2.86,0.4573,0.008,
1441497600,239.86,1.34,,3.05,0.5,0.00759,
1441584000,239.58,1.28,,3.05,0.5,0.007999,
1441670400,243.24,1.26,,3.03,0.45799999999999996,0.008,
1441756800,237.41,1.21,,2.89,0.7,0.0085,
1441843200,238.08,1.19,,2.93,0.45799999999999996,0.0077,
1441929600,239.9,0.9242,,2.94,0.4625,0.0079,
1442016000,235.6,1.15,,2.82,0.4537,0.00755,
1442102400,230.19,0.8856,,2.8,0.44,0.00746,
1442188800,229.91,0.955,,2.83,0.4775,0.00725,
1442275200,229.53,0.95,,2.8,0.509,0.008,
1442361600,228.6,0.9363,,2.78,0.5156,0.0074,
1442448000,232.72,0.875,,2.9,0.55,0.0076,
1442534400,232.21,0.8523,,2.93,0.5458,0.00725,
1442620800,231.11,0.89,,2.86,0.508,0.0077,
1442707200,231.09,0.8871,,2.84,0.5036,0.0072,
1442793600,226.33,0.9412,,2.78,0.5012,0.0076,
1442880000,230.01,0.8059,,2.82,0.5012,0.0072,
1442966400,229.89,0.91,,2.85,0.4625,0.007499,
1443052800,233.76,0.8,,2.9,0.4655,0.0067,
1443139200,235.03,0.6823,,2.87,0.4527,0.0075,
1443225600,234.3,0.7703,,2.87,0.4689,0.006595999999999999,
1443312000,232.5,0.7008,,2.86,0.4455,0.005566,
1443398400,238.87,0.6,,3.03,0.4354,0.005901,
1443484800,236.71,0.6816,,2.99,0.43,0.005526,
1443571200,235.93,0.7137,,2.98,0.39,0.005526,
1443657600,237.05,0.6548,,2.98,0.4644,0.00525,
1443744000,236.71,0.6647,,2.96,0.3812,0.0058,
1443830400,238.58,0.6796,,3.01,0.4689,0.00525,
1443916800,238.33,0.6095,,2.98,0.3955,0.005005,
1444003200,240.15,0.6078,,2.99,0.3892,0.0059,
1444089600,246.14,0.6511,,3.11,0.3917,0.005797999999999999,
1444176000,242.98,0.6,,3.03,0.3966,0.0055,
1444262400,242.58,0.62,,3.04,0.3785,0.0051,
1444348800,244.04,0.6352,,3.09,0.3785,0.0055,
1444435200,245.35,0.6351,,3.09,0.3803,0.00825,
1444521600,247.65,0.5993,,3.13,0.3848,0.005251,
1444608000,245.35,0.63,,3.11,0.4124,0.0055,
1444694400,248.78,0.6017,,3.14,0.3785,0.0054,
1444780800,252.33,0.5,,3.11,0.3705,0.005006,
1444867200,254.44,0.56,,3.08,0.3758,0.005051,
1444953600,262.87,0.525,,3.1,0.4131,0.005412,
1445040000,269.58,0.523,,3.05,0.4669,0.005051,
1445126400,261.67,0.505,,3.0,0.41,0.005027,
1445212800,263.82,0.5,,3.03,0.3917,0.0050810000000000004,
1445299200,269.75,0.44,,3.06,0.3705,0.0048,
1445385600,267.11,0.42,,3.06,0.375,0.0046,
1445472000,274.42,0.609,,3.1,0.3705,0.004492,
1445558400,276.92,0.5649,,3.08,0.3705,0.0046,
1445644800,282.56,0.5561,,3.09,0.39299999999999996,0.0046,
1445731200,287.86,0.62,,3.07,0.3795,0.004492,
1445817600,285.15,0.706,,3.08,0.3795,0.0051,
1445904000,294.66,0.83,,3.08,0.3783,0.004794,
1445990400,303.54,0.99,,3.07,0.3775,0.004445,
1446076800,313.63,1.12,,3.81,0.5,0.0040030000000000005,
1446163200,327.12,1.14,,3.84,0.4413,0.005249,
1446249600,311.24,0.8676,,3.55,0.38,0.005033,
1446336000,322.95,0.99,,3.67,0.36,0.005033,
1446422400,359.28,0.9878,,3.97,0.45,0.0045,
1446508800,396.49,1.06,,4.28,0.3938,0.0051,
1446595200,400.89,0.799,,3.99,0.4358,0.0045,
1446681600,382.7,0.8764,,3.76,0.42700000000000005,0.0041,
1446768000,369.81,0.9899,,3.42,0.4638,0.004415,
1446854400,385.09,0.93,,3.48,0.4639,0.00445,
1446940800,371.56,1.0,,3.34,0.5541,0.004,
1447027200,380.22,0.998,,3.33,0.47,0.004,
1447113600,336.69,0.9,,3.11,0.4522,0.00435,
1447200000,304.71,0.75,,2.92,0.4226,0.0047,
1447286400,333.85,0.88,,3.24,0.442,0.005,
1447372800,333.77,0.9,,3.21,0.4652,0.00434,
1447459200,331.77,0.88,,3.17,0.429,0.0048,
1447545600,317.45,0.9193,,3.04,0.409,0.0041719999999999995,
1447632000,330.21,0.925,,3.17,0.442,0.004308,
1447718400,333.91,1.0,,3.18,0.4091,0.0044,
1447804800,335.92,0.9973,,3.17,0.4091,0.0041,
1447891200,324.98,0.94,,3.11,0.4027,0.004399,
1447977600,321.12,0.92,,3.1,0.44799999999999995,0.00439,
1448064000,324.7,0.96,,3.13,0.44799999999999995,0.004058,
1448150400,322.78,0.97,,3.11,0.3582,0.004327,
1448236800,322.12,0.92,,3.11,0.44799999999999995,0.004397,
1448323200,318.35,0.91,,3.1,0.42,0.0042060000000000005,
1448409600,327.52,0.87,,3.3,0.379,0.0042,
1448496000,353.74,0.86,,3.54,0.41,0.004065999999999999,
1448582400,359.52,0.88,,3.55,0.3791,0.004,
1448668800,355.83,0.91,,3.49,0.395,0.004,
1448755200,370.84,0.87,,3.64,0.3918,0.004,
1448841600,377.97,0.88,,3.6,0.3656,0.004,
1448928000,361.8,0.87,,3.41,0.365,0.00402,
1449014400,359.98,0.82,,3.34,0.369,0.00415,
1449100800,360.31,0.83,,3.35,0.36700000000000005,0.0041,
1449187200,361.67,0.84,,3.33,0.3705,0.004799,
1449273600,386.69,0.8699,,3.48,0.43,0.00425,
1449360000,393.38,0.825,,3.44,0.4302,0.00475,
1449446400,394.28,0.79,,3.56,0.415,0.0045,
1449532800,410.67,0.8102,,3.63,0.426,0.00624,
1449619200,416.0,0.8051,,3.62,0.43,0.00735,
1449705600,415.49,0.8437,,3.63,0.39899999999999997,0.006498,
1449792000,449.83,0.8998,,3.76,0.45,0.006,
1449878400,432.29,0.96,,3.54,0.42200000000000004,0.006131,
1449964800,434.69,0.9199,,3.54,0.42200000000000004,0.0059,
1450051200,442.0,0.99,,3.55,0.44,0.0058,
1450137600,462.65,1.0,,3.76,0.505,0.00475,
1450224000,453.98,0.8029999999999999,,3.63,0.505,0.006,
1450310400,455.53,0.94,,3.71,0.44,0.0056,
1450396800,463.18,0.9,,3.73,0.49,0.0054,
1450483200,461.2,0.8935,,3.7,0.46,0.0055,
1450569600,441.78,1.07,,3.51,0.45,0.0049,
1450656000,437.59,0.91,,3.41,0.45,0.005108,
1450742400,437.03,0.88,,3.39,0.45,0.0056,
1450828800,442.43,0.8709,,3.55,0.45,0.0056,
1450915200,452.98,0.87,,3.61,0.46,0.00475,
1451001600,454.05,0.88,,3.59,0.46,0.006693999999999999,
1451088000,415.37,0.853,,3.4,0.45,0.0058,
1451174400,422.39,0.9179999999999999,,3.48,0.43,0.0051,
1451260800,421.76,0.8749,,3.46,0.44,0.0049,
1451347200,431.92,0.86,,3.5,0.44,0.005255,
1451433600,427.15,0.8925,,3.46,0.43,0.00535,
1451520000,429.95,0.9488,,3.47,0.4901,0.0052049999999999996,
1451606400,433.99,0.92,,3.49,0.5431,0.0055,
1451692800,433.72,0.9547,,3.49,0.46,0.005125,
1451779200,430.7,0.96,,3.47,0.4875,0.0052,
1451865600,433.32,0.95,,3.49,0.47,0.0051,
1451952000,431.2,0.9426,,3.46,0.47,0.005,
1452038400,430.82,0.95,,3.45,0.47,0.005,
1452124800,457.05,0.94,,3.59,0.47,0.005,
1452211200,452.87,0.985,,3.56,0.545,0.005,
1452297600,448.31,0.985,,3.54,0.47,0.004,
1452384000,446.19,1.0,,3.53,0.47100000000000003,0.0054,
1452470400,447.72,1.08,,3.55,0.47100000000000003,0.0040100000000000005,
1452556800,445.04,1.22,,3.52,0.47100000000000003,0.005053,
1452643200,432.18,1.14,,3.48,0.461,0.00505,
1452729600,429.13,1.16,,3.45,0.451,0.00479,
1452816000,372.26,1.2,,3.14,0.4305,0.00505,
1452902400,385.04,1.22,,3.06,0.4889,0.0048920000000000005,
1452988800,382.47,1.31,,3.02,0.4,0.004917,
1453075200,384.4,1.47,,3.04,0.5,0.00511,
1453161600,379.46,1.22,,3.02,0.54,0.0052450000000000005,
1453248000,414.58,1.54,,3.36,0.5586,0.0054329999999999995,
1453334400,410.24,1.54,,3.22,0.5,0.005241,
1453420800,382.65,1.52,,3.08,0.4924,0.005231,
1453507200,388.61,2.03,,3.11,0.68,0.00512,
1453593600,402.13,2.1,,3.17,0.5862,0.005122,
1453680000,392.76,2.5,,3.12,0.634,0.0051,
1453766400,389.78,2.3,,3.13,0.5944,0.005653,
1453852800,395.02,2.42,,3.28,0.6298,0.006511,
1453939200,379.69,2.55,,3.08,0.5255,0.005795000000000001,
1454025600,380.29,2.41,,3.1,0.55,0.00692,
1454112000,377.76,2.44,,3.06,0.469,0.00633,
1454198400,369.84,2.2,,3.06,0.524,0.006154,
1454284800,372.18,2.17,,3.07,0.55,0.006697,
1454371200,373.92,2.45,,3.07,0.49,0.006989,
1454457600,368.02,2.53,,3.04,0.48100000000000004,0.006623,
1454544000,390.65,2.57,,3.14,0.495,0.006633,
1454630400,386.46,2.56,,3.13,0.49700000000000005,0.0079,
1454716800,376.68,2.53,,3.09,0.4707,0.008,
1454803200,377.94,3.0,,3.09,0.4707,0.007644,
1454889600,372.63,3.16,,3.06,0.4825,0.008122,
1454976000,375.32,3.76,,3.08,0.4607,0.007361,
1455062400,381.88,4.35,,3.1,0.4749,0.007388,
1455148800,379.45,6.38,,3.04,0.55,0.008191,
1455235200,384.04,5.27,,3.09,0.6299,0.007940000000000001,
1455321600,390.1,5.22,,3.12,0.7837,0.008440000000000001,
1455408000,405.5,5.2,,3.19,0.8329,0.00821,
1455494400,401.07,5.22,,3.14,0.7543,0.00835,
1455580800,406.42,4.25,,3.18,1.05,0.00811,
1455667200,417.14,3.86,,3.23,0.7332,0.007456,
1455753600,421.4,4.36,,3.23,0.7649,0.008440000000000001,
1455840000,419.98,4.45,,3.23,0.8354,0.008479,
1455926400,440.06,4.37,,3.42,0.81,0.007896,
1456012800,437.87,4.63,,3.41,0.7921,0.008312,
1456099200,437.79,5.6,,3.45,0.7718,0.00831,
1456185600,419.9,5.7,,3.38,0.7399,0.00815,
1456272000,422.72,6.23,,3.35,0.7769,0.00785,
1456358400,423.48,5.93,,3.35,0.8,0.008234,
1456444800,427.32,6.03,,3.38,0.8143,0.008225,
1456531200,431.3,6.31,,3.38,0.8282,0.0078,
1456617600,432.47,6.5,,3.4,0.8666,0.008154999999999999,
1456704000,436.21,6.35,,3.4,0.8951,0.0081,
1456790400,434.04,7.59,,3.41,0.8,0.008278,
1456876800,425.36,8.7,,3.36,0.8486,0.008094,
1456963200,419.56,9.35,,3.31,1.05,0.007902,
1457049600,409.48,9.96,,3.23,1.12,0.007937999999999999,
1457136000,399.0,11.0,,3.18,1.26,0.0073420000000000004,
1457222400,405.96,10.98,,3.2,1.21,0.00755,
1457308800,414.87,9.5,,3.24,0.9951,0.007672,
1457395200,411.9,9.88,,3.22,1.09,0.0078,
1457481600,412.76,11.55,,3.25,1.08,0.0081,
1457568000,415.83,11.11,,3.27,1.03,0.008201,
1457654400,419.11,11.25,,3.35,1.1,0.009218,
1457740800,410.36,13.25,,3.28,1.09,0.008140000000000001,
1457827200,412.41,15.0,,3.28,1.2,0.008182,
1457913600,414.31,12.5,,3.29,1.18,0.0083,
1458000000,415.13,13.09,,3.29,1.15,0.00787,
1458086400,415.91,12.92,,3.29,1.11,0.008193,
1458172800,418.16,11.14,,3.28,1.3,0.0081,
1458259200,408.16,10.75,,3.16,1.1,0.008282,
1458345600,408.69,10.55,,3.17,1.21,0.00782,
1458432000,411.53,10.06,,3.19,1.48,0.00778,
1458518400,411.11,11.97,,3.19,1.44,0.00792,
1458604800,416.21,10.96,,3.22,1.34,0.007915,
1458691200,416.98,12.29,,3.22,1.45,0.008381,
1458777600,414.74,11.13,,3.18,1.63,0.008421,
1458864000,415.71,10.69,,3.21,1.59,0.008212,
1458950400,416.51,11.0,,3.21,1.69,0.008128,
1459036800,424.57,10.5,,3.28,1.5,0.007863,
1459123200,422.21,11.58,,3.25,1.48,0.0073290000000000004,
1459209600,415.0,11.73,,3.22,1.48,0.0075,
1459296000,412.44,11.88,,3.21,1.42,0.007104999999999999,
1459382400,415.66,11.41,,3.23,1.4,0.0073950000000000005,
1459468800,415.64,11.63,,3.22,1.46,0.0075,
1459555200,418.51,11.61,,3.24,1.56,0.00757,
1459641600,419.06,11.58,,3.25,1.56,0.007478,
1459728000,419.33,11.1,,3.23,1.57,0.0074,
1459814400,422.07,10.39,,3.25,1.51,0.007301,
1459900800,421.26,10.79,,3.24,1.5,0.007304000000000001,
1459987200,420.14,10.08,,3.22,1.52,0.006828,
1460073600,417.69,9.74,,3.21,1.42,0.006541,
1460160000,418.05,9.16,,3.21,1.15,0.006222,
1460246400,420.25,8.8,,3.21,1.08,0.0061,
1460332800,421.43,8.72,,3.22,1.02,0.006229999999999999,
1460419200,424.74,7.53,,3.25,0.9309999999999999,0.005995,
1460505600,423.47,8.02,,3.24,1.04,0.005943,
1460592000,424.02,8.48,,3.24,1.03,0.006367,
1460678400,428.67,8.22,,3.27,0.9832,0.0065439999999999995,
1460764800,430.05,8.48,,3.27,0.9823,0.006548999999999999,
1460851200,426.26,9.45,,3.25,1.02,0.006634999999999999,
1460937600,427.69,8.92,,3.24,1.1,0.006711,
1461024000,434.92,8.77,,3.27,1.14,0.007037999999999999,
1461110400,441.16,8.54,,3.27,1.06,0.006951000000000001,
1461196800,449.34,8.15,,3.33,0.9816,0.0073,
1461283200,445.28,7.83,,3.3,0.9871,0.007356999999999999,
1461369600,450.08,8.31,,3.34,1.03,0.007356999999999999,
1461456000,457.56,8.0,,3.57,1.03,0.007225,
1461542400,461.73,7.43,,3.77,0.9823,0.007273999999999999,
1461628800,466.0,7.5,,4.0,0.8995,0.0069299999999999995,
1461715200,447.01,7.77,,3.96,0.9369,0.006614,
1461801600,448.48,7.3,,3.77,0.9076,0.006735,
1461888000,454.98,7.51,,3.78,0.8773,0.0068579999999999995,
1461974400,448.53,8.83,,3.65,0.9081,0.006881,
1462060800,452.24,8.76,,3.7,0.9129999999999999,0.0065829999999999994,
1462147200,444.18,10.03,,3.67,0.9754,0.006686,
1462233600,450.27,9.37,,3.73,0.9263,0.006455,
1462320000,445.8,9.43,,3.73,0.9179,0.006261999999999999,
1462406400,448.08,9.79,,3.7,0.9006,0.006116,
1462492800,459.56,9.27,,3.78,0.8811,0.006302,
1462579200,458.46,9.3,,3.93,0.8717,0.006344,
1462665600,457.87,9.44,,3.91,0.8464,0.0063030000000000004,
1462752000,460.44,9.32,,4.03,0.8269,0.0064,
1462838400,449.36,9.39,,3.78,0.8312,0.006295,
1462924800,452.5,9.97,,3.86,0.8598,0.006089,
1463011200,454.43,10.1,,3.84,0.8647,0.006125,
1463097600,455.41,10.48,,3.91,0.8461,0.006101,
1463184000,456.44,10.14,,4.01,0.8366,0.0060490000000000006,
1463270400,458.11,9.94,,4.05,0.8292,0.006091,
1463356800,454.87,11.04,,4.0,0.8145,0.006091,
1463443200,453.25,12.26,,4.0,0.8166,0.005991,
1463529600,454.22,13.29,,4.0,0.825,0.005764,
1463616000,442.66,14.49,,3.88,0.8591,0.006185,
1463702400,442.11,13.73,,3.87,0.9343,0.006095000000000001,
1463788800,443.64,13.95,,3.95,0.9567,0.00595,
1463875200,439.62,14.21,,3.94,0.92,0.00594,
1463961600,443.69,13.45,,3.97,0.9012,0.005751,
1464048000,446.11,12.62,,3.94,0.9078,0.0058,
1464134400,449.78,12.53,,4.04,0.8622,0.00555,
1464220800,453.3,12.37,,4.08,0.866,0.0057,
1464307200,474.05,11.11,,4.48,0.8416,0.00549,
1464393600,524.22,11.56,,4.41,0.81,0.0048530000000000005,
1464480000,516.05,12.28,,4.41,0.9,0.005613,
1464566400,532.26,12.48,,4.54,0.9009,0.005799,
1464652800,528.92,13.85,,4.56,0.938,0.00557,
1464739200,537.4,13.83,,4.67,0.9154,0.00579,
1464825600,537.1,13.78,,4.67,0.93,0.0057740000000000005,
1464912000,567.03,13.78,,4.8,0.9525,0.005849,
1464998400,571.95,13.66,,4.75,0.9771,0.005895,
1465084800,574.91,13.85,,4.79,1.01,0.005799,
1465171200,583.58,13.96,,4.92,1.01,0.005898,
1465257600,575.58,14.41,,4.74,0.9656,0.0057799999999999995,
1465344000,580.51,14.44,,4.74,1.0,0.005738,
1465430400,574.69,14.49,,4.71,1.15,0.005672,
1465516800,577.89,13.97,,4.82,1.14,0.00569,
1465603200,591.6,14.01,,4.91,1.17,0.00569,
1465689600,666.55,15.57,,5.11,1.25,0.005599,
1465776000,700.07,17.55,,5.21,1.27,0.005814,
1465862400,685.14,18.7,,5.15,1.34,0.0073,
1465948800,690.77,18.3,,5.17,1.45,0.0066,
1466035200,761.21,20.61,,5.49,1.45,0.006587000000000001,
1466121600,743.9,15.49,,5.44,1.76,0.0066489999999999995,
1466208000,753.77,11.36,,5.47,2.02,0.006506999999999999,
1466294400,761.04,12.33,,5.48,1.88,0.007238,
1466380800,733.97,11.7,,5.22,1.77,0.006490000000000001,
1466467200,667.38,12.71,,4.74,1.62,0.005804,
1466553600,590.56,13.21,,3.77,1.52,0.0068,
1466640000,620.84,13.58,,3.78,1.57,0.006295,
1466726400,656.89,14.25,,4.15,1.53,0.00665,
1466812800,663.52,14.28,,4.17,1.57,0.006479,
1466899200,625.41,13.82,,4.0,1.51,0.0065,
1466985600,644.66,14.04,,4.07,1.46,0.0063,
1467072000,644.89,12.15,,4.06,1.46,0.007245999999999999,
1467158400,636.54,12.76,,4.03,1.53,0.006957,
1467244800,670.02,12.4,,4.16,1.58,0.0066,
1467331200,674.57,12.23,,4.23,1.69,0.00678,
1467417600,698.06,12.04,,4.56,1.74,0.0066099999999999996,
1467504000,661.64,11.85,,4.29,1.73,0.006789,
1467590400,675.16,11.34,,4.46,1.68,0.006554000000000001,
1467676800,663.67,10.45,,4.36,1.74,0.006431999999999999,
1467763200,672.7,10.51,,4.43,1.95,0.006520000000000001,
1467849600,635.25,10.07,,4.07,1.83,0.0066099999999999996,
1467936000,662.78,11.3,,4.18,1.95,0.006706,
1468022400,651.83,10.92,,4.12,1.95,0.006548999999999999,
1468108800,647.11,10.97,,4.09,1.92,0.00644,
1468195200,646.71,10.58,,4.07,1.97,0.00624,
1468281600,670.56,10.54,,4.16,2.01,0.006495999999999999,
1468368000,661.15,10.44,,4.14,1.96,0.0065,
1468454400,657.25,11.55,,4.13,2.01,0.006458,
1468540800,664.2,11.88,,4.13,1.99,0.006531,
1468627200,660.69,11.59,,4.11,2.01,0.006706999999999999,
1468713600,676.33,11.19,,4.14,1.97,0.006731999999999999,
1468800000,670.38,11.03,,4.13,1.97,0.0065,
1468886400,671.1,11.63,,4.14,1.88,0.006443000000000001,
1468972800,664.4,12.54,,4.11,1.79,0.0064,
1469059200,664.62,12.66,,4.12,1.73,0.006492,
1469145600,651.11,14.82,,4.02,1.83,0.006242,
1469232000,655.16,14.4,,4.04,1.9,0.0064,
1469318400,659.29,12.63,,4.05,1.87,0.006286,
1469404800,654.0,13.84,,4.03,1.88,0.006243,
1469491200,654.38,12.08,,3.95,1.77,0.005795000000000001,
1469577600,654.54,13.05,,3.96,1.94,0.005952000000000001,
1469664000,654.13,12.87,,3.96,1.88,0.0060079999999999995,
1469750400,655.43,12.87,,4.05,1.91,0.0062,
1469836800,654.74,12.57,,4.07,1.93,0.0062,
1469923200,621.87,11.86,,3.94,1.8,0.006,
1470009600,607.0,11.04,,3.88,1.7,0.005742000000000001,
1470096000,513.43,8.3,,3.5,1.36,0.005695,
1470182400,566.44,10.42,,3.7,1.58,0.00562,
1470268800,576.22,11.21,,3.72,1.87,0.006117,
1470355200,574.66,11.05,,3.7,1.8,0.0059,
1470441600,586.45,10.95,,3.76,1.86,0.0063,
1470528000,590.85,10.98,,3.76,1.92,0.0062,
1470614400,589.24,11.29,,3.78,1.91,0.006,
1470700800,585.25,12.22,,3.74,2.09,0.00625,
1470787200,590.94,12.22,,3.75,2.02,0.00624,
1470873600,587.84,11.68,,3.75,1.94,0.006106,
1470960000,587.14,11.78,,3.71,1.95,0.00605,
1471046400,584.59,11.56,,3.71,1.97,0.00618,
1471132800,569.06,11.21,,3.62,1.97,0.005944,
1471219200,566.95,11.21,,3.58,2.17,0.0062,
1471305600,580.19,11.17,,3.63,2.24,0.00615,
1471392000,572.34,10.77,,3.59,2.27,0.0061,
1471478400,573.39,10.77,,3.6,2.21,0.005907,
1471564800,574.56,10.71,,3.6,2.27,0.006065,
1471651200,582.61,11.28,,3.61,2.47,0.006204,
1471737600,580.66,11.14,,3.61,2.51,0.00604,
1471824000,587.47,11.07,,3.66,4.47,0.005652,
1471910400,583.56,11.01,,3.94,4.79,0.00575,
1471996800,579.66,11.01,,3.84,4.48,0.006149,
1472083200,577.96,11.35,,3.79,4.15,0.0062,
1472169600,579.37,11.26,,3.81,4.15,0.005908,
1472256000,570.35,11.19,,3.74,4.81,0.0059,
1472342400,574.98,10.99,,3.73,9.13,0.006057,
1472428800,574.23,10.95,,3.77,8.79,0.0065,
1472515200,577.32,11.21,,3.8,8.4,0.006,
1472601600,573.88,11.55,,3.79,8.48,0.006,
1472688000,571.99,12.21,,3.82,7.91,0.005947999999999999,
1472774400,575.29,12.08,,3.81,9.86,0.006023,
1472860800,598.84,11.85,,3.9,11.18,0.00603,
1472947200,609.55,11.71,,4.01,13.84,0.005947,
1473033600,605.76,11.75,,3.96,13.9,0.005926,
1473120000,610.44,11.7,,3.95,12.67,0.005965,
1473206400,613.21,11.59,,3.95,11.93,0.005883,
1473292800,625.57,11.39,,3.97,12.9,0.00594,
1473379200,623.16,11.72,,3.96,12.59,0.00603,
1473465600,624.52,12.05,,3.96,12.46,0.005917,
1473552000,605.61,11.64,,3.85,10.97,0.005825,
1473638400,607.98,11.89,,3.81,10.3,0.005899000000000001,
1473724800,608.61,11.92,,3.81,10.7,0.005917,
1473811200,609.54,11.97,,3.82,10.4,0.006058,
1473897600,608.11,11.96,,3.8,9.71,0.0091,
1473984000,607.78,12.61,,3.82,8.92,0.0072,
1474070400,607.08,12.83,,3.8,9.6,0.007078,
1474156800,610.7,12.39,,3.83,9.47,0.006998999999999999,
1474243200,609.85,12.93,,3.82,10.53,0.006958,
1474329600,609.24,14.72,,3.83,11.29,0.006825,
1474416000,597.16,13.72,,3.77,9.79,0.006804999999999999,
1474502400,595.63,13.11,,3.76,10.2,0.006848000000000001,
1474588800,602.92,13.36,,3.81,10.79,0.0074,
1474675200,602.59,12.91,,3.8,10.71,0.0075,
1474761600,601.49,13.05,,3.8,10.2,0.008166,
1474848000,606.54,12.89,,3.85,9.35,0.0077,
1474934400,605.47,13.09,,3.84,9.28,0.008405,
1475020800,604.67,13.3,,3.83,9.37,0.008668,
1475107200,604.7,13.17,,3.84,8.51,0.009097,
1475193600,608.14,13.24,,3.83,8.52,0.0086,
1475280000,613.41,13.21,,3.83,7.44,0.007982,
1475366400,610.69,13.23,,3.84,8.39,0.00795,
1475452800,611.6,13.45,,3.83,7.89,0.008169,
1475539200,608.96,13.32,,3.83,7.6,0.0078,
1475625600,611.82,13.09,,3.84,6.62,0.007256,
1475712000,610.97,12.87,,3.82,7.2,0.007495999999999999,
1475798400,616.03,12.68,,3.84,6.77,0.007365999999999999,
1475884800,617.65,12.24,,3.82,6.93,0.0074459999999999995,
1475971200,615.77,12.06,,3.81,7.44,0.00745,
1476057600,617.29,11.74,,3.77,6.97,0.008064,
1476144000,640.45,11.75,,3.81,7.34,0.007814,
1476230400,635.99,11.77,,3.8,7.21,0.007921,
1476316800,635.6,12.02,,3.88,7.0,0.007981,
1476403200,637.92,11.9,,3.87,6.94,0.00812,
1476489600,637.03,11.96,,3.86,6.47,0.007999,
1476576000,640.12,11.93,,3.86,6.52,0.008029999999999999,
1476662400,637.37,11.98,,3.84,6.26,0.00808,
1476748800,635.34,12.5,,3.82,6.63,0.0084,
1476835200,629.06,11.98,,3.79,6.73,0.008570999999999999,
1476921600,628.34,12.05,,3.77,6.47,0.0092,
1477008000,630.45,12.07,,3.8,6.9,0.009098,
1477094400,655.48,12.06,,3.85,6.46,0.008879999999999999,
1477180800,653.03,11.95,,3.88,6.53,0.008903,
1477267200,650.49,11.93,,3.84,6.48,0.00886,
1477353600,651.0,11.38,,3.85,6.15,0.008902,
1477440000,674.67,11.5,,3.92,6.01,0.008773999999999999,
1477526400,682.3,11.43,,3.98,6.17,0.00829,
1477612800,686.24,11.08,,3.95,5.7,0.0078,5000.0
1477699200,714.95,10.39,,4.05,4.84,0.007731999999999999,4000.0
1477785600,697.27,11.22,,3.96,5.55,0.008023,650.0
1477872000,698.67,10.91,,3.96,5.12,0.007979,1600.0
1477958400,726.76,10.75,,4.06,4.69,0.008028,1550.0
1478044800,733.51,10.82,,4.08,4.53,0.008225,907.27
1478131200,684.87,10.86,,3.83,4.97,0.008145,835.01
1478217600,702.08,11.13,,3.86,4.88,0.0082,600.0
1478304000,702.11,11.11,,3.86,5.05,0.00821,507.0
1478390400,709.91,10.97,,3.87,5.0,0.00807,309.11
1478476800,705.4,10.9,,3.84,5.75,0.00826,240.0
1478563200,710.9,10.86,,3.82,6.66,0.008263,275.0
1478649600,721.42,10.64,,3.85,5.87,0.008179,267.0
1478736000,714.57,10.52,,3.8,6.13,0.008153,212.09
1478822400,714.97,10.29,,3.8,6.95,0.008020999999999999,181.23
1478908800,704.27,9.96,,3.75,7.58,0.008109,140.95
1478995200,701.97,10.13,,3.85,7.1,0.008028,120.0
1479081600,704.56,10.0,,3.86,7.68,0.008079000000000001,105.1
1479168000,711.1,10.22,,3.87,7.41,0.00771,113.9
1479254400,740.28,10.01,,3.89,6.83,0.0077,93.56
1479340800,737.53,9.95,,3.88,6.82,0.007809,84.47
1479427200,746.96,9.53,,3.93,6.7,0.0078,68.07
1479513600,747.89,9.7,,3.92,6.63,0.007689,62.92
1479600000,728.51,9.57,,3.88,6.64,0.00765,60.66
1479686400,736.19,9.56,,3.92,6.77,0.0074,55.01
1479772800,749.34,9.84,,3.91,7.45,0.007378,59.59
1479859200,741.07,9.78,,3.9,7.96,0.007045,81.19
1479945600,735.31,9.22,,3.86,7.72,0.00687,100.0
1480032000,740.39,9.39,,3.88,7.53,0.0068189999999999995,90.54
1480118400,734.14,9.34,,3.85,7.52,0.006971,75.0
1480204800,729.42,8.91,,3.86,8.05,0.006845,73.65
1480291200,733.3,8.66,,3.87,7.87,0.006761,74.11
1480377600,732.56,8.18,,3.84,7.67,0.00672,68.0
1480464000,742.49,8.59,,3.87,9.1,0.006795000000000001,67.21
1480550400,752.63,8.44,,3.89,8.6,0.0066040000000000005,63.0
1480636800,770.94,7.65,,3.9,8.06,0.006558,60.0
1480723200,764.24,7.9,,3.89,8.16,0.0066560000000000005,58.0
1480809600,766.39,7.54,,3.89,7.94,0.006423000000000001,57.85
1480896000,754.34,6.69,,3.49,7.87,0.006304,50.0
1480982400,758.21,7.61,,3.5,7.4,0.0067,49.25
1481068800,765.56,8.35,,3.63,7.91,0.006999999999999999,55.9
1481155200,768.49,8.3,,3.67,7.87,0.006996,53.99
1481241600,770.48,8.52,,3.67,7.91,0.0069310000000000005,49.48
1481328000,774.0,8.09,,3.67,7.75,0.006742000000000001,47.86
1481414400,767.91,8.2,,3.63,7.86,0.0067659999999999994,48.95
1481500800,778.47,8.45,,3.65,8.0,0.0067,48.39
1481587200,778.74,8.4,,3.63,8.06,0.006689,46.69
1481673600,776.5,8.23,,3.61,8.44,0.006788,44.0
1481760000,775.21,7.76,,3.63,8.49,0.006634,39.45
1481846400,782.05,7.85,,3.62,8.5,0.006693999999999999,39.65
1481932800,787.17,7.66,,3.67,8.31,0.006490000000000001,35.9
1482019200,789.01,7.89,,3.66,8.69,0.0065,36.06
1482105600,789.79,7.61,,3.64,8.54,0.00645,34.18
1482192000,799.1,7.59,,3.64,8.48,0.0065379999999999995,36.83
1482278400,829.21,7.87,,3.63,8.42,0.006559000000000001,35.44
1482364800,860.15,7.64,,3.67,8.85,0.006376,48.99
1482451200,917.17,7.16,,4.41,9.45,0.006086,53.55
1482537600,891.07,7.23,,4.38,9.6,0.006437999999999999,46.77
1482624000,891.07,7.19,,4.22,9.71,0.0063100000000000005,45.56
1482710400,898.38,7.21,,4.2,10.24,0.00625,43.01
1482796800,925.78,7.15,,4.3,12.47,0.006135,44.01
1482883200,972.17,7.57,,4.42,14.05,0.006243,48.87
1482969600,971.08,8.21,,4.47,13.13,0.006474,50.2
1483056000,959.04,8.16,,4.35,12.87,0.0064150000000000006,52.0
1483142400,963.38,8.05,,4.32,13.79,0.006511,48.0
1483228800,995.44,8.14,,4.42,13.57,0.006346,49.0
1483315200,1017.05,8.33,,4.54,16.12,0.006312,50.08
1483401600,1033.3,9.59,,4.51,15.2,0.006411,50.0
1483488000,1135.41,10.88,,4.42,18.48,0.006409999999999999,53.14
1483574400,989.35,10.2,,4.16,16.11,0.0062759999999999995,49.99
1483660800,886.16,10.07,,3.76,14.19,0.006222,46.29
1483747200,888.87,9.78,,3.82,12.93,0.006363000000000001,46.75
1483833600,900.86,10.27,,3.91,13.5,0.006251,45.15
1483920000,899.78,10.2,,4.25,13.5,0.006176,45.49
1484006400,904.37,10.55,,4.47,13.35,0.006815000000000001,45.3
1484092800,785.43,9.83,,3.84,11.9,0.006543000000000001,40.04
1484179200,810.11,9.81,,3.94,12.33,0.006359,43.0
1484265600,824.83,9.78,,3.86,11.13,0.006669,43.04
1484352000,819.63,9.78,,3.89,11.67,0.006795000000000001,44.98
1484438400,821.17,9.88,,3.85,10.95,0.006809999999999999,44.21
1484524800,827.34,9.59,,3.82,10.66,0.00678,43.42
1484611200,899.66,10.14,,3.89,12.55,0.00683,45.01
1484697600,872.03,10.19,,3.8,12.26,0.0068,43.24
1484784000,895.21,10.43,,3.82,12.2,0.006840000000000001,43.99
1484870400,892.91,10.6,,3.84,11.84,0.0066,43.28
1484956800,919.84,10.91,,3.85,12.14,0.006840000000000001,43.26
1485043200,918.84,10.71,,3.81,12.01,0.00678,42.9
1485129600,921.46,10.78,,3.82,12.3,0.006690000000000001,42.56
1485216000,893.75,10.51,,3.75,11.7,0.0065,41.05
1485302400,894.41,10.51,,3.66,11.92,0.006490000000000001,39.11
1485388800,915.56,10.65,,3.81,12.13,0.0063,37.11
1485475200,918.01,10.51,,3.85,12.13,0.00636,38.81
1485561600,918.51,10.54,,3.84,12.98,0.00639,38.0
1485648000,914.55,10.47,,3.82,12.92,0.0063100000000000005,38.72
1485734400,920.73,10.62,,3.99,12.92,0.00645,40.3
1485820800,965.49,10.71,,4.02,13.26,0.006409999999999999,39.72
1485907200,982.43,10.71,,4.0,13.25,0.006490000000000001,39.3
1485993600,1003.97,10.78,,4.03,13.09,0.0064,39.78
1486080000,1013.02,10.95,,3.99,12.92,0.006379999999999999,38.5
1486166400,1031.85,11.32,,3.96,12.75,0.00644,39.0
1486252800,1016.11,11.22,,3.97,12.61,0.00629,37.52
1486339200,1024.67,11.32,,3.93,12.8,0.006379999999999999,37.1
1486425600,1049.56,11.45,,3.93,12.6,0.006409999999999999,36.29
1486512000,1055.49,11.39,,3.93,12.56,0.00635,34.56
1486598400,978.96,10.94,,3.67,12.05,0.00628,32.57
1486684800,997.61,11.34,,3.76,12.28,0.0063100000000000005,32.51
1486771200,1008.32,11.43,,3.81,12.48,0.006379999999999999,32.58
1486857600,996.52,11.42,,3.73,12.41,0.00627,31.04
1486944000,995.36,11.39,,3.74,12.39,0.00624,30.71
1487030400,1008.34,13.0,,3.8,13.02,0.006220000000000001,33.15
1487116800,1008.19,12.97,,3.81,13.8,0.0061,33.67
1487203200,1031.93,12.95,,3.84,13.0,0.0059299999999999995,33.0
1487289600,1049.41,12.72,,3.83,13.3,0.00587,32.0
1487376000,1052.28,12.83,,3.78,13.6,0.00554,30.62
1487462400,1048.89,12.82,,3.75,13.23,0.00591,30.28
1487548800,1077.56,12.52,,3.73,12.21,0.00596,31.13
1487635200,1119.03,12.77,,3.78,12.5,0.00585,30.21
1487721600,1120.46,12.69,,3.8,12.93,0.00583,27.0
1487808000,1171.91,13.13,,3.8,13.02,0.00585,30.01
1487894400,1176.49,13.11,,3.87,12.1,0.0056,30.35
1487980800,1149.05,13.57,,3.85,11.9,0.00563,29.02
1488067200,1171.58,14.59,,3.82,11.81,0.0057,29.24
1488153600,1188.83,15.55,,3.83,11.97,0.00556,36.16
1488240000,1189.27,16.07,,3.77,12.27,0.00557,36.87
1488326400,1222.66,17.55,,3.8,12.3,0.00539,41.65
1488412800,1255.47,19.08,,3.96,13.19,0.00606,39.7
1488499200,1283.3,19.48,,4.02,13.83,0.006490000000000001,41.38
1488585600,1264.32,18.61,,3.98,13.41,0.0062,41.5
1488672000,1271.22,19.22,,3.97,15.03,0.00604,39.4
1488758400,1277.01,19.75,,4.05,15.4,0.00604,39.49
1488844800,1232.69,18.91,,3.96,13.62,0.00673,37.83
1488931200,1146.97,16.54,,3.8,12.41,0.0065,36.0
1489017600,1191.33,17.71,,3.89,13.1,0.00648,36.55
1489104000,1112.39,19.13,,3.78,13.03,0.00617,34.4
1489190400,1179.22,21.45,,3.8,14.64,0.00625,38.91
1489276800,1225.11,23.31,,3.87,16.9,0.00632,39.14
1489363200,1238.19,28.45,,4.36,18.49,0.00644,48.0
1489449600,1243.14,28.58,,4.17,17.41,0.00639,44.03
1489536000,1253.43,35.18,,4.26,19.32,0.00625,46.3
1489622400,1172.88,45.51,,4.33,22.3,0.0063,47.85
1489708800,1071.71,44.48,,4.2,21.98,0.0059700000000000005,45.02
1489795200,971.38,34.0,,4.05,19.4,0.00688,64.0
1489881600,1022.6,43.12,,3.98,21.89,0.006690000000000001,65.01
1489968000,1047.51,42.51,,4.12,22.38,0.0069,71.68
1490054400,1121.29,42.67,,4.09,21.57,0.0068200000000000005,65.04
1490140800,1044.72,41.65,,3.98,20.4,0.00719,66.42
1490227200,1035.03,43.2,,4.02,22.02,0.011000000000000001,65.49
1490313600,939.7,53.19,,4.18,21.61,0.010620000000000001,62.89
1490400000,966.3,50.62,,4.13,19.75,0.008879999999999999,61.94
1490486400,969.44,50.63,,4.1,18.9,0.00937,58.26
1490572800,1045.14,49.06,,4.1,19.4,0.00943,56.42
1490659200,1044.42,50.25,,4.2,19.99,0.00955,63.11
1490745600,1041.9,53.07,,4.32,21.18,0.01015,62.54
1490832000,1037.91,51.91,,7.5,20.2,0.01383,60.56
1490918400,1079.11,49.91,,7.1,20.19,0.0214,62.22
1491004800,1086.12,50.6,,7.48,21.05,0.022000000000000002,61.57
1491091200,1097.4,48.55,,8.22,20.11,0.0615,59.25
1491177600,1147.56,44.13,,8.57,20.0,0.032010000000000004,59.26
1491264000,1141.77,44.43,,8.97,20.47,0.03787,59.55
1491350400,1129.87,44.9,,12.39,19.75,0.03559,59.99
1491436800,1188.7,43.23,,10.7,19.47,0.0332,59.31
1491523200,1190.49,42.31,,9.89,19.82,0.03715,60.56
1491609600,1180.78,44.37,,10.66,20.81,0.03575,63.41
1491696000,1204.34,43.72,,9.21,20.71,0.034210000000000004,63.48
1491782400,1206.71,43.74,,9.8,22.34,0.03404,64.86
1491868800,1220.74,43.74,,9.66,21.91,0.03316,61.78
1491955200,1212.53,46.38,,11.6,21.83,0.03455,62.32
1492041600,1176.2,49.97,,11.06,21.52,0.03422,64.13
1492128000,1177.33,47.32,,11.67,21.07,0.03348,72.09
1492214400,1176.99,48.89,,11.67,20.64,0.03381,75.24
1492300800,1176.8,48.22,,11.73,20.15,0.03306,71.0
1492387200,1194.01,47.94,,11.26,20.53,0.03333,69.66
1492473600,1206.09,49.88,,11.06,20.98,0.03281,69.71
1492560000,1215.2,47.88,,10.29,20.25,0.03035,70.0
1492646400,1238.09,49.36,,10.97,20.2,0.02999,65.96
1492732800,1249.64,48.27,,12.0,20.04,0.03355,68.83
1492819200,1240.89,48.41,,14.05,20.03,0.0316,68.0
1492905600,1249.14,48.75,,15.15,20.04,0.03141,68.53
1492992000,1248.18,49.94,,14.87,19.58,0.03151,67.58
1493078400,1264.31,50.09,,15.06,19.59,0.03224,69.9
1493164800,1286.63,53.28,,14.89,19.5,0.03275,72.5
1493251200,1332.91,63.14,,14.66,21.42,0.035230000000000004,78.4
1493337600,1329.62,72.42,,14.25,22.55,0.045,85.0
1493424000,1336.28,69.83,,15.75,23.22,0.053829999999999996,96.0
1493510400,1351.91,79.83,,15.63,23.7,0.05218,92.72
1493596800,1415.81,77.53,,15.74,22.48,0.053829999999999996,87.06
1493683200,1445.93,77.25,,15.57,23.23,0.05382000000000001,93.5
1493769600,1485.55,80.37,,20.53,25.44,0.061079999999999995,92.93
1493856000,1516.76,94.55,,22.95,25.98,0.08,98.75
1493942400,1507.77,90.79,,25.2,27.36,0.09139,100.25
1494028800,1545.29,94.82,,27.46,27.74,0.1001,105.32
1494115200,1554.45,90.46,,29.5,31.72,0.1391,95.0
1494201600,1664.47,88.39,,28.1,29.59,0.1917,103.25
1494288000,1697.5,86.27,,31.77,28.06,0.1564,94.39
1494374400,1752.31,87.83,,31.28,30.43,0.187,96.89
1494460800,1819.29,88.2,,29.88,29.77,0.1837,93.52
1494547200,1686.39,85.15,,26.76,28.85,0.2069,96.52
1494633600,1763.74,87.96,,28.14,28.49,0.2102,95.75
1494720000,1772.55,88.72,,28.07,28.44,0.2171,95.95
1494806400,1708.92,90.32,,24.5,27.67,0.2631,94.0
1494892800,1729.34,87.8,,22.83,26.78,0.325,91.32
1494979200,1801.3,86.98,,25.06,27.32,0.375,92.97
1495065600,1880.99,95.88,,27.88,30.79,0.3575,94.27
1495152000,1962.0,124.38,,27.27,32.0,0.3224,103.82
1495238400,2040.18,123.06,,27.42,34.8,0.3449,104.85
1495324800,2044.19,148.0,,26.02,34.39,0.324,118.34
1495411200,2124.41,160.39,,24.79,36.13,0.2988,198.77
1495497600,2272.58,169.5,,31.36,55.41,0.3229,231.79
1495584000,2445.28,193.03,,34.8,45.03,0.29,232.2
1495670400,2307.22,177.33,,28.32,40.04,0.24,216.74
1495756800,2244.89,162.83,,24.45,38.48,0.276,200.0
1495843200,2052.43,156.63,,22.83,31.73,0.21,180.99
1495929600,2189.02,172.86,,23.89,36.04,0.2281,190.42
1496016000,2278.21,194.17,,25.33,41.08,0.2324,201.96
1496102400,2192.55,228.58,,23.89,39.34,0.2042,223.73
1496188800,2303.34,228.64,,25.91,41.61,0.2475,231.36
1496275200,2412.65,220.7,,27.55,43.99,0.3364,245.73
1496361600,2492.6,222.04,,28.27,43.8,0.2959,237.83
1496448000,2545.43,224.3,,27.27,42.48,0.2921,225.94
1496534400,2524.06,244.96,,27.89,42.77,0.2941,238.87
1496620800,2704.96,247.75,,30.78,48.45,0.2888,246.46
1496707200,2870.5,264.26,,30.07,54.58,0.284,256.8
1496793600,2691.51,255.77,,28.47,53.01,0.2762,264.69
1496880000,2798.78,259.41,,29.9,56.11,0.2869,270.26
1496966400,2811.43,279.11,,29.54,55.52,0.2814,279.03
1497052800,2900.25,335.95,,30.06,51.11,0.2598,321.01
1497139200,2973.45,339.68,,33.63,57.72,0.2701,324.01
1497225600,2656.77,394.66,,28.98,49.9,0.2467,301.93
1497312000,2712.99,388.09,,30.38,51.74,0.2626,364.42
1497398400,2467.27,343.84,,29.19,45.34,0.2623,381.92
1497484800,2442.46,344.68,,29.29,46.26,0.245,394.77
1497571200,2508.58,353.61,,34.12,47.41,0.2506,381.03
1497657600,2655.1,368.1,,45.8,52.51,0.2597,394.21
1497744000,2539.56,351.53,,43.8,49.71,0.2651,369.01
1497830400,2616.82,358.2,,47.37,50.45,0.281,401.68
1497916800,2754.38,350.53,,45.68,51.04,0.308,410.68
1498003200,2677.62,325.3,,44.5,48.5,0.2726,381.34
1498089600,2722.84,320.97,,46.16,49.93,0.2779,379.23
1498176000,2710.37,326.85,,46.0,50.73,0.2916,374.68
1498262400,2590.05,304.54,,42.7,46.95,0.2775,351.35
1498348800,2541.62,279.36,,41.28,45.14,0.2577,313.92
1498435200,2446.05,253.68,,38.53,43.34,0.2461,295.92
1498521600,2583.75,286.14,,40.24,43.41,0.2618,335.58
1498608000,2577.74,315.86,,41.89,47.1,0.2686,336.91
1498694400,2558.37,292.9,,40.13,44.42,0.2561,313.57
1498780800,2480.61,280.68,,39.48,43.23,0.2466,291.72
1498867200,2424.61,261.0,,38.08,40.06,0.2386,275.39
1498953600,2536.46,283.99,,41.26,42.2,0.2537,293.63
1499040000,2572.47,276.41,,45.34,43.72,0.2523,288.91
1499126400,2617.32,269.05,,54.51,45.19,0.2473,281.63
1499212800,2627.86,266.0,,52.92,45.82,0.252,282.44
1499299200,2614.24,265.88,,51.04,49.94,0.2506,285.91
1499385600,2513.88,240.94,,46.1,44.07,0.2303,248.06
1499472000,2564.86,245.67,,51.22,45.9,0.23,249.8
1499558400,2511.43,237.72,,48.63,44.56,0.2261,241.43
1499644800,2344.02,205.76,,45.0,40.04,0.1883,196.09
1499731200,2324.29,190.55,,43.98,36.8,0.1778,176.76
1499817600,2403.09,224.15,,47.14,40.23,0.1958,211.4
1499904000,2362.44,205.41,,45.69,38.02,0.1925,194.59
1499990400,2234.17,197.14,,42.46,35.43,0.1843,177.06
1500076800,1975.08,169.1,,38.41,32.15,0.172,160.34
1500163200,1914.09,155.42,,40.7,29.36,0.1461,163.34
1500249600,2233.39,189.97,,42.17,34.67,0.1723,179.21
1500336000,2320.23,227.09,,43.35,36.32,0.1788,200.07
1500422400,2282.58,194.41,,40.11,34.94,0.163,181.23
1500508800,2866.02,226.33,,44.35,40.96,0.1925,209.58
1500595200,2675.08,216.33,,45.2,40.3,0.1835,203.65
1500681600,2836.53,230.47,,46.47,44.86,0.1977,218.97
1500768000,2756.61,228.32,,44.67,42.63,0.1966,211.88
1500854400,2763.42,225.48,,44.77,46.06,0.1915,210.78
1500940800,2582.58,203.59,,42.3,40.66,0.1744,186.7
1501027200,2559.21,202.88,,42.03,45.77,0.1723,189.18
1501113600,2691.88,202.93,,41.89,45.14,0.1725,186.74
1501200000,2806.75,191.21,,40.43,43.67,0.1633,175.5
1501286400,2733.5,206.14,,41.07,43.97,0.16899999999999998,186.02
1501372800,2766.49,196.78,,40.61,39.92,0.1633,173.54
1501459200,2883.27,201.33,,42.38,39.68,0.1648,172.29
1501545600,2746.99,225.9,439.27,43.16,44.13,0.1776,189.89
1501632000,2720.53,218.12,551.59,41.92,43.84,0.1709,188.7
1501718400,2809.99,224.39,405.92,42.75,43.24,0.1748,187.94
1501804800,2878.49,220.6,253.13,43.31,45.12,0.1744,186.64
1501891200,3262.8,253.09,220.3,46.24,48.6,0.1848,205.53
1501977600,3232.03,264.56,241.87,45.56,47.92,0.1802,208.12
1502064000,3401.91,269.94,322.6,46.11,50.16,0.1782,208.4
1502150400,3429.38,296.51,343.43,49.13,51.96,0.1967,247.89
1502236800,3348.79,295.28,301.17,47.78,51.08,0.1841,241.86
1502323200,3425.67,298.28,274.48,46.97,49.39,0.1809,231.75
1502409600,3654.37,309.32,326.26,47.11,50.54,0.1778,235.3
1502496000,3871.62,308.02,316.0,46.27,49.5,0.1716,223.23
1502582400,4062.6,296.62,295.15,45.49,47.69,0.1657,213.47
1502668800,4327.94,299.16,300.03,45.7,49.91,0.1683,210.69
1502755200,4161.66,286.52,297.36,43.17,48.7,0.1577,212.03
1502841600,4387.4,301.38,299.68,43.97,48.63,0.1603,217.24
1502928000,4278.92,300.3,445.19,43.83,47.26,0.1578,208.9
1503014400,4105.37,292.62,689.83,46.74,46.6,0.1569,200.01
1503100800,4150.45,293.02,738.54,45.19,55.52,0.1526,232.81
1503187200,4066.6,298.2,719.27,45.81,54.95,0.1587,240.05
1503273600,4005.1,321.85,605.22,48.09,77.74,0.1958,237.28
1503360000,4089.7,313.37,684.6,46.4,90.77,0.2421,226.03
1503446400,4141.09,317.4,674.08,53.44,90.42,0.2457,227.68
1503532800,4318.35,325.28,619.83,50.36,86.16,0.2173,227.48
1503619200,4364.41,330.06,632.48,51.09,108.01,0.2167,237.9
1503705600,4352.3,332.86,621.43,51.58,137.65,0.2097,299.63
1503792000,4345.75,347.88,616.29,61.08,130.74,0.2017,273.78
1503878400,4390.31,347.66,591.11,62.36,144.99,0.2252,276.17
1503964800,4597.31,372.35,544.74,63.76,133.21,0.2199,270.04
1504051200,4588.31,386.3,556.86,63.03,130.02,0.2287,277.45
